commit_id,la,nd,ns,ent,nrev,rtime,self,ndev,age,app,rrexp,asawr,rsawr,pred,defective_prob,defect
1e6973aee7137653c62dcef970b1e2527b50517d,258,2,1,0.8262781007120186,2.0,18.049560185185186,0,1.0,5.24275462962963,4.0,465.0,0.0042621204049014,0.0820458177943526,True,0.57,True
5d0ccceb20780fdd3adf519d3f8e6b80b1844407,190,7,1,0.8394697103898472,25.0,15.18162037037037,0,164.0,0.833136574074074,2.0,1931.0,0.1223404255319148,0.3618794326241135,True,0.58,True
de31210c05f464c4a79255de68b1a515d9b84ed3,121,2,1,0.7585227812799078,2.0,0.35743055555555553,0,11.0,4.983553240740741,2.0,812.0,0.0574162679425837,0.8732057416267942,True,0.61,True
957533f685caf9ffc0d9cad569598455d59ade34,121,5,1,0.8636290826310419,7.0,19.054421296296297,0,4.0,7.935347222222222,5.0,1364.0,0.1979166666666666,0.9114583333333334,True,0.6,True
96677735f6d8f1f5b6380127956921f719aab799,525,2,1,0.7070224560629349,29.0,20.117372685185185,0,7.0,4.1448784722222225,1.0,98.0,0.0023809523809523,0.1047619047619047,True,0.56,True
10593c2eaf4eff4edb13b70f023acbbf743f129f,186,9,1,0.7573253294004106,10.0,19.790243055555553,0,161.0,2.3723637820512824,2.0,538.0,0.1228379809389339,0.0933639251676667,True,0.52,True
8db51da1e25f1c148fbe8d8f27d144a39d1850f3,48,3,1,0.5544221083853402,4.0,14.214120370370372,0,4.0,3.072496141975309,4.0,704.0,0.2,0.8461538461538461,True,0.57,True
ba4ed39616c3c6fabf24ca390c7037877c672fba,288,4,1,0.7768290643564466,9.0,18.024143518518517,0,7.0,2.3994510582010586,2.0,803.0,0.2551020408163265,0.8571428571428571,True,0.91,True
2c62e344e26ccba08d5c613a7c4a40a0f076901e,164,2,1,0.9593795191444578,17.0,73.86623842592593,0,143.0,0.8043923611111111,4.0,2621.0,0.0674533286368439,0.452448045086298,True,0.6,True
207a7825fbcc69c4c3d4bfefd8e9c33978162ed9,100,4,1,0.872061921377721,15.0,24.437303240740743,0,48.0,4.218762125220458,2.0,405.0,0.0258215962441314,0.4565727699530516,True,0.6,True
03a41f863b160384593ef8df130f369a0c22d393,475,5,1,0.5997657147171198,17.0,16.53472222222222,0,51.0,1.4696296296296296,1.0,226.0,0.107514450867052,0.2462427745664739,True,0.76,True
f0ce71c23c786baf7c828d1fd147d70342593a10,337,2,1,0.6519598295845276,5.0,8.887465277777778,0,11.0,0.2233101851851852,3.0,898.0,0.0057142857142857,0.9417142857142856,True,0.51,True
b199471154cb4be2d7d9c89939bb31e90f3adff4,270,2,1,0.8356038276131503,15.0,71.8372800925926,0,144.0,1.0284375000000001,3.0,1937.0,0.0680791941646405,0.3747829107328934,True,0.8,True
608c67439c8fcfa1a2fddd1087ca1fe998a8f9fd,128,2,1,0.6328438432263533,16.0,14.908310185185185,0,167.0,0.14582175925925925,2.0,1240.0,0.1521248915871639,0.2107545533391153,True,0.71,True
1e90eb66ae999201a0b3d2e7409734c3e2f452d7,63,3,1,0.8762064154804641,9.0,37.969039351851855,0,130.0,1.949741512345679,9.0,2655.0,0.0001730702665282,0.3663897542402215,True,0.62,True
e8440d1ee8da2cbf4304bbbc0bf43ce78d7a6d1f,197,3,1,0.8390900483631887,21.0,13.303657407407407,0,20.0,35.885555555555555,2.0,475.0,0.1936887921653971,0.4722524483133841,True,0.59,True
a9230a38977d6acb804ee8bb6f58c19957dce013,50,2,1,0.8247288661016803,5.0,11.908298611111112,0,2.0,14.415868055555556,3.0,843.0,0.0135135135135135,0.8918918918918919,True,0.56,True
e3e4f4d9277c22654ce0dd9a1a0f44a67661e695,646,14,1,0.7513482591592189,18.0,40.84209490740741,0,64.0,5.668529449588479,2.0,484.0,0.1399132321041215,0.4544468546637744,True,0.56,True
b6133c35dd587f6b01e8ec12757347b2767713a6,337,5,1,0.6958795118190628,13.0,20.468611111111112,0,12.0,0.28751157407407407,2.0,144.0,0.0176991150442477,0.1814159292035398,True,0.74,True
262bdf68b45058fedffda614336d7e75a5b36d4a,404,5,1,0.6579731952588428,16.0,9.570324074074074,0,27.0,8.116269290123457,2.0,479.0,0.1948051948051948,0.4751082251082251,True,0.94,True
9928edb42da42af3463d4a989a0797be46198908,433,2,1,0.7141667311676564,9.0,9.48013888888889,0,7.0,5.847685185185185,2.0,703.0,0.0259740259740259,0.8095238095238095,True,0.88,True
d2a5c0f982e8e4f9fbdce17b90925b8d8df56c75,1450,10,1,0.8485846601880049,11.0,11.438506944444443,0,15.0,2.592076903292181,2.0,788.0,0.168103448275862,0.8362068965517241,True,0.87,True
5c2339440a499fb8b86e38893f245b9f02395016,152,4,1,0.868279111291077,36.0,165.4375,0,57.0,3.5004794973544975,6.0,940.0,0.0022296544035674,0.955406911928651,True,0.69,True
0fb40ceb78c0b35e677b3f2305a6d2477bda0b43,47,2,1,0.6218214031283751,9.0,39.567708333333336,0,19.0,23.480439814814815,4.0,1733.0,0.0534364261168384,0.3414089347079038,True,0.52,True
106bf560e291b9b8a0690680170db575086e04b3,678,6,1,0.8061089440828298,15.0,19.16027777777778,0,56.0,28.848858989197527,1.0,109.0,0.0033185840707964,0.1084070796460177,True,0.61,True
a10fdea3f580bc1c9ef6ae29f4c2ff404d84464e,271,1,1,0.8602890152915603,4.0,9.013275462962964,0,9.0,10.658906893004117,2.0,1282.0,0.1245710363761153,0.2352436513383665,True,0.57,True
8e575be75c80ea71a6ad8fb73e6ace1ed708938f,142,4,1,0.8529086079430075,11.0,10.808993055555556,0,104.0,3.0224797453703705,3.0,1634.0,0.0042859591976684,0.1758957654723127,True,0.51,True
bdf6e2b5f853b0608dfb81b0d0489b469ead5fd2,230,3,1,0.7147841826016248,29.0,169.50326388888888,0,43.0,1.7405902777777778,2.0,856.0,0.0043907793633369,0.8704720087815587,True,0.61,True
811a23275da1d35b6ea7dce81ea3d6ac219f42b9,19,1,1,0.7320666900931938,3.0,2.2859837962962963,0,16.0,4.116689814814815,4.0,715.0,0.0040650406504065,0.8292682926829268,True,0.62,True
7523489e856e637dc6af23638568f4700980360f,228,5,1,0.8748820167283924,5.0,8.721967592592593,0,27.0,0.832578125,2.0,810.0,0.024070021881838,0.8172866520787746,True,0.61,True
17c4fd71038b0603bf4f0035e46fc0ff1bc517f7,2288,3,1,0.8098449994007378,16.0,55.53888888888889,0,50.0,10.779275793650791,2.0,451.0,0.017391304347826,0.4706521739130435,True,0.81,True
d72848c9afba40d21235a4e95cf8e69549290dca,29,2,1,0.6655788058453865,11.0,1.6806828703703705,0,11.0,6.639386574074074,4.0,729.0,0.0039525691699604,0.8260869565217391,True,0.55,True
a1fe496e1113737d0b133a64078bc45c485dd3b2,122,1,1,0.4410317244632624,2.0,62.432164351851846,0,11.0,4.225717592592592,5.0,2093.0,0.0398277717976318,0.5844994617868676,True,0.64,True
dc48ac1a9c02c236157347f715190a2b1107ec70,38,3,1,0.7793172819535716,4.0,5.902025462962963,0,9.0,7.370298611111111,4.0,686.0,0.015267175572519,0.8396946564885496,True,0.51,True
fe7198a6ecf45edd8b5ca2030586c746f204fe3f,233,5,1,0.6789789546162098,9.0,8.922662037037037,0,33.0,3.085969907407407,2.0,483.0,0.1978609625668449,0.481283422459893,True,0.92,True
d91bc54749fa4ffdda203db5ad88dc4f20c72eb8,511,6,1,0.8396658461916676,28.0,56.17508101851852,0,11.0,1.3685962301587302,2.0,810.0,0.0038022813688212,0.8365019011406845,True,0.68,True
1a2a692b79cefd1fc7e743e8e616292107afacdf,446,2,1,0.6210345949793745,8.0,20.59023148148148,0,2.0,1.4946440972222224,2.0,462.0,0.01931330472103,0.4753218884120171,True,0.79,True
14dc194af688a18b254aea761beb586214c56224,400,2,1,0.7426692272452833,9.0,40.70380787037037,0,2.0,0.000787037037037037,2.0,463.0,0.0203644158628081,0.4758842443729904,True,0.59,True
0ebddd87d159072daa0ff36d0ed8af8e4b60fd66,226,1,1,0.7275036239568515,2.0,3.1319097222222223,0,19.0,8.606076388888889,3.0,402.0,0.2087912087912088,0.578021978021978,True,0.64,True
d79861560bafce63ff807b10cb435fd59e7becaa,1114,8,1,0.9051167858330648,25.0,29.122256944444445,0,55.0,1.5581206597222224,2.0,484.0,0.0416666666666666,0.4914529914529914,True,0.53,True
8db14390d418561f7c372902a4a383dc9047603c,69,1,1,0.9760206482366148,19.0,20.75636574074074,0,186.0,2.709554398148148,4.0,1703.0,0.0081424936386768,0.3204410517387616,True,0.58,True
1b66a47b5f4cbcdf1a9a1ec38532474588a3fee2,81,2,1,0.560660494316215,5.0,225.83685185185186,0,122.0,3.0159374999999997,5.0,2748.0,0.0162822252374491,0.366180461329715,True,0.6,True
4cdccd69a45aec19d547c10f29f61359b69ad6c1,170,18,1,0.9074291280228446,10.0,103.85900462962962,0,26.0,4.189591888083736,7.0,632.0,0.0074626865671641,0.6343283582089553,True,0.53,True
34a208d1f3829173815beca81d07b53633a12989,126,1,1,0.4929656189765803,4.0,3.751076388888889,0,4.0,32.225455246913576,2.0,1146.0,0.0074074074074074,0.3148148148148148,True,0.62,True
a2dca1ffc3e6ba81862c0eff625b620f3f175690,1836,2,1,0.6383334286359571,14.0,47.48586805555556,0,1.0,0.8424855324074074,2.0,949.0,0.0212765957446808,0.9404255319148936,True,0.74,True
d632b66dc8b701ca777af4335b6505b4c4cd7828,133,6,1,0.7355812661609159,3.0,1.9591666666666667,0,12.0,7.538761574074074,2.0,849.0,0.1845018450184501,0.8708487084870848,True,0.62,True
fbbf79f6cadbb1d2b7ce615e9fdb9a0e0f114729,440,5,1,0.5889475957812765,5.0,9.607407407407408,0,44.0,1.4091921296296297,4.0,963.0,0.0052910052910052,0.9470899470899472,True,0.56,True
f614417f11c4b936e517f0da449038f6a2ca35d4,1377,6,1,0.6374476129740757,11.0,84.19619212962964,0,14.0,5.226388888888889,2.0,713.0,0.22992700729927,0.4671532846715328,True,0.77,True
c70350bfa58ced11e7b346f9ad3ba85b0617e8f8,9,1,1,0.5032583347756457,3.0,8.356909722222222,0,22.0,5.368310185185185,5.0,2127.0,0.0128356696503968,0.2146596858638743,True,0.53,True
60ab0c8c564af989882f0ea2609019ea7206e2b3,109,3,1,0.9233123845796268,6.0,19.002662037037037,0,25.0,10.312476851851851,4.0,531.0,0.1509032943676939,0.5090329436769394,True,0.55,True
16a9853fe3924ccaf987b2a1628f27bb9c03b950,48,2,1,0.7925235284915371,9.0,32.496006944444446,0,24.0,9.869293981481482,7.0,3369.0,0.0020181634712411,0.446686848301379,True,0.54,True
f66de80e38bcfbc29228ea19ffc96fbf34aad0ba,67,3,1,0.6023653284988031,13.0,68.03685185185185,0,66.0,1.4809953703703702,4.0,506.0,0.0062240663900414,0.4854771784232365,True,0.53,True
01a44568cc60bb5a6dd7b55d69b20bba57d1b94b,28,2,1,0.2163969324512646,6.0,43.857395833333335,0,21.0,4.0001388888888885,5.0,2876.0,0.0198252688172043,0.4094422043010752,True,0.52,True
acf0209b28e21eed60158967fab77468eb195e7c,405,7,1,0.5579099732644028,11.0,177.4898263888889,0,2.0,9.265893518518519,9.0,1121.0,0.0233333333333333,0.93,True,0.65,True
010bd1f392e67a6fcd276593b8c79acfe41d1cc7,111,2,1,0.976210142437301,12.0,206.46185185185186,0,5.0,12.252505787037038,5.0,1097.0,0.0265780730897009,0.9102990033222592,True,0.58,True
cb0df591a9508e863ad5d5d71190eca349dc551f,421,7,1,0.8212114652758985,11.0,206.46195601851852,0,18.0,0.03671085858585859,6.0,1111.0,0.0298013245033112,0.9172185430463576,True,0.63,True
ca85d237e236f46881dc2c57a589a33e4605917d,145,7,1,0.8740193415713116,2.0,0.4845023148148148,0,35.0,1.9119642857142856,2.0,969.0,0.2487257900101936,0.9378185524974516,True,0.56,True
d4b024ad7d64a854072517eef47b059c93bdfdd3,2282,6,2,0.6168705279401597,5.0,13.959594907407407,0,41.0,1.508718894675926,2.0,362.0,0.1140350877192982,0.554093567251462,True,0.51,True
e68617c141c8a16a26bc4ade641aa4a5a809619d,80,2,1,0.9426831892554922,2.0,8.290902777777777,0,16.0,7.7432233796296295,2.0,711.0,0.3514376996805112,0.8146964856230032,True,0.51,True
607acb33be18f0e508329f3c8514061322d294a9,1240,6,1,0.8470035987204776,11.0,62.94241898148149,0,35.0,8.351873070987654,3.0,222.0,0.0359028511087645,0.1689545934530095,True,0.52,True
c586d635387e9baa3c0857afb56d05137fcddd7c,82,2,1,0.9319768034482429,10.0,85.33547453703704,0,55.0,0.7138078703703704,7.0,2523.0,0.0628115653040877,0.3163841807909605,True,0.85,True
be23b19905a9e500fa4b14c43b9492f4b43e9828,1403,7,1,0.6641800255663707,11.0,13.249305555555557,0,32.0,2.3820632716049377,2.0,525.0,0.0441640378548895,0.4931650893796004,True,0.88,True
4757ccfc8eb10bee756deb36c72d7a7ca37bdbff,109,3,1,0.7653965769125552,4.0,7.666851851851852,0,3.0,0.9588310185185186,2.0,1356.0,0.2582582582582582,0.3513513513513513,True,0.74,True
eb87f1fae8f13c7ab09c9fec56bbfa1fdfdf17fc,563,11,1,0.8164037249033774,12.0,23.111574074074074,0,64.0,5.487188390313391,2.0,434.0,0.2025183630640084,0.4260230849947534,True,0.81,True
f0a9b31d90532dd278c12572767c3874648dcaec,116,2,1,0.9335753510263798,12.0,14.156458333333333,0,42.0,4.143472222222222,2.0,811.0,0.064804099851215,0.1335757976525045,True,0.57,True
1a5c23a2810d4c887d1239eeab09dd9904892c8e,136,2,1,0.9885633053127398,3.0,10.451597222222222,0,38.0,2.3300810185185186,3.0,1671.0,0.0654112983151635,0.3506772381896267,True,0.57,True
04ec96cdc95396ba2f35493a632b603d182ab6ae,44,1,1,0.345117314944953,3.0,3.0441898148148145,0,11.0,5.274756944444444,6.0,956.0,0.138,0.91,True,0.72,True
6c4b89a2ad51f92707acc01908b63bc507ad8fe7,137,2,1,0.8973703940484126,16.0,32.47978009259259,0,16.0,4.408518518518519,7.0,2351.0,0.0683352544047423,0.2609912728470278,True,0.8,True
512055ec63fcb081cda01b9ef40c15a91f78d7ac,296,2,1,0.6805164660784347,3.0,3.5096412037037035,0,1.0,9.74716049382716,5.0,782.0,0.0164383561643835,0.7945205479452054,True,0.64,True
a4b5502904b72f3503d70104c1d1296cf6f7d30e,100,10,1,0.9415153174988752,2.0,4.453090277777778,0,99.0,18.326803560025542,3.0,1959.0,0.2035485460818137,0.2053556760308855,True,0.52,True
18c3ac4a8935b9997dbb55181d5dbb5232ef2c27,170,7,1,0.7319892458321315,11.0,131.64105324074075,0,41.0,0.5913035300925926,10.0,4315.0,0.036387477462711,0.656121947221767,True,0.85,True
ae6b7642e8d32ef5fa75cdcfe55be23c052fd547,213,4,1,0.6923978370528308,10.0,21.509340277777778,0,46.0,33.59978266460905,1.0,834.0,0.0048496605237633,0.7866149369544132,True,0.53,True
bd5c3f5a0e3449a4a384090ae4dba75c4cdcf4da,150,3,1,0.4672210064042895,3.0,5.270173611111111,0,51.0,9.39173900462963,2.0,900.0,0.0220729366602687,0.8397312859884837,True,0.51,True
8f3a54f0474e263aff886d671624faa1dc8d223c,654,4,1,0.6582959256258822,5.0,77.12618055555556,0,10.0,0.1425810185185185,2.0,758.0,0.2532299741602067,0.483204134366925,True,0.55,True
f4b78c7f17e29448ed54b136eeb4ac700b324120,71,2,1,0.7639956284037258,4.0,13.21111111111111,0,5.0,1.9116589506172839,3.0,1127.0,0.7423469387755102,0.8214285714285714,True,0.63,True
6925bd7e00d5c39d20450bcf41e848435b6d9830,114,2,1,0.7254835266920763,5.0,1.9419791666666668,0,3.0,14.982201967592593,3.0,215.0,0.0228426395939086,0.2258883248730964,True,0.51,True
6d5fd4836475d0f3787b669cab5ef2d5266f474f,183,2,1,0.8450937570948098,4.0,10.741631944444444,0,15.0,27.269452160493827,3.0,589.0,0.4174358974358974,0.4584615384615385,True,0.54,True
724493d21fdfcbb4c095b54975c0c1d612f0a856,67,2,1,0.7956792965030225,8.0,126.98385416666667,0,152.0,3.6838715277777774,6.0,1589.0,0.0004872502842293,0.2845541659899301,True,0.69,True
604ec1c5786256a8e9390bbe0414df799370862b,198,2,1,0.924707654570522,9.0,15.293472222222222,0,79.0,8.03640625,2.0,991.0,0.0438098328736005,0.1935745578452052,True,0.52,True
1d9a0a620d78ab54f7a3da61b803a97cdbdd01f2,168,7,1,0.6704053905683165,8.0,79.15659722222223,0,180.0,8.27486400462963,5.0,3020.0,0.0226647239760401,0.415088230532621,True,0.53,True
c6d82083295e9b1b42f22d3a2d25a1ab7d341a13,107,2,1,0.6500224216483541,5.0,30.18331018518519,0,45.0,21.74298032407407,8.0,3303.0,0.0639703512729616,0.4332903641637125,True,0.56,True
a52259ea2dda742d528723d58f20b3b225f1eac5,142,6,1,0.7287180649758332,19.0,256.3623611111111,0,125.0,2.8714641203703706,5.0,2849.0,0.0040180006428801,0.3807457409193185,True,0.54,True
9411a24ba7b5a1380ec8a2aa13d4aa92988d2ff9,321,14,2,0.6922158563607935,3.0,1.5627893518518519,0,68.0,5.017950862794612,2.0,414.0,0.243430152143845,0.5518672199170125,True,0.56,True
23bec4f7cb6e84a8d717c0b5ccc222f51c67f072,33,2,1,0.5163431171100983,3.0,1.8932060185185184,0,5.0,16.15469135802469,7.0,1183.0,0.7726218097447796,0.8654292343387471,True,0.54,True
7b64653931628328bd5d70b0cdea8952e6c709f8,455,2,1,0.837241949461482,6.0,38.50686342592592,0,5.0,12.45242228835979,4.0,669.0,0.0046040515653775,0.5920810313075506,True,0.63,True
5c959bd66fa73f96c02a1c7632576578affbf146,130,2,1,0.8851726943293513,14.0,88.70622685185185,0,91.0,0.3807546296296296,2.0,302.0,0.0459751829462297,0.0483614381164492,True,0.63,True
30fa37e7776831d6f8022f52d3d92f62189fb702,120,6,1,0.7400369267111695,17.0,54.7590625,0,194.0,3.824444444444444,8.0,2682.0,0.0308984313104103,0.3489145935667881,True,0.58,True
432a47cbc03414ca7ee6565c9dbcc91d7bf675fb,665,4,1,0.772135762944956,22.0,125.36395833333334,0,48.0,20.29944775132275,4.0,1070.0,0.0238313473877176,0.9477543538038496,True,0.66,True
0493c803ae9612f87ed028e1a39e880aead5bdcb,73,2,1,0.521325886847662,2.0,33.418310185185184,0,129.0,1.1504050925925926,6.0,3444.0,0.1559097364683604,0.4726211140918415,True,0.54,True
874e272a56d314a6fb1bd98e7ecd7f986f3b3898,135,4,1,0.751450924720136,4.0,37.101597222222225,0,105.0,4.105648148148148,7.0,2226.0,0.0604196245464584,0.3696166587789872,True,0.57,True
d4b7d5fd427d3c46bb61a45edd2623305e23b90b,90,2,1,0.8871398327734819,8.0,6.501724537037037,0,9.0,5.901759259259259,2.0,592.0,0.0209471766848816,0.5336976320582878,True,0.55,True
cc70e3a28df3c8492769b305d248bb4d9bf32830,112,3,1,0.9370677506741388,9.0,12.963217592592592,0,129.0,0.19153935185185186,1.0,219.0,0.0007872775940796,0.0392064241851676,True,0.54,True
51ecc8016ae5d79397f6c584634030187eedd342,183,9,1,0.7668494336992288,19.0,68.91957175925926,0,71.0,9.367784529320987,2.0,450.0,0.0050607287449392,0.4392712550607287,True,0.53,True
a25b2ac5f440f7ace4678b21ada6ebf5ce5dff3c,134,2,1,0.7225581571844487,20.0,107.8826851851852,0,44.0,3.1741550925925925,7.0,2095.0,0.0804453504782813,0.342637603888976,True,0.88,True
97a529ad8eaee80e196eb362c4e45901a96ae23c,81,2,1,0.9898220559635812,22.0,157.2910648148148,0,15.0,2.2248842592592593,4.0,978.0,0.0042283298097251,0.8350951374207188,True,0.54,True
1d62871fdd980ada24258d9694b50c5125280801,916,7,1,0.7720570915298536,6.0,15.624328703703704,0,18.0,21.81578499455338,3.0,873.0,0.238095238095238,0.7888198757763976,True,0.58,True
1763c80711993c55f4f13afe56f449b1dd6d3d3a,72,19,1,0.8399199316416516,22.0,182.05143518518517,0,43.0,3.226439043209876,8.0,1744.0,0.1983471074380165,0.8698347107438017,True,0.65,True
1957339df302e2da75e0dbe78b5d566194ab2c08,66,3,1,0.592076302143306,4.0,146.60461805555556,0,27.0,11.41091049382716,6.0,3140.0,0.023598820058997,0.3983853438907002,True,0.52,True
aa198b92ac03f14e2da240064904b3a991b92834,214,5,1,0.8478800848249058,4.0,47.47497685185186,0,17.0,0.5376712962962963,2.0,604.0,0.31,0.37,True,0.62,True
9567c2b6a06aa1e8205f9f30beca63d77500dd1d,293,2,1,0.859900077733748,10.0,59.67577546296297,0,0.0,0.0,2.0,495.0,0.0711422845691382,0.4919839679358717,True,0.63,True
a522d5ce0678bfcffed1972d830627278d778dec,106,2,1,0.761846962127312,24.0,82.8236111111111,0,44.0,1.9891203703703704,4.0,1831.0,0.0848062015503876,0.3085271317829457,True,0.68,True
14463cc3d37e1123a855259718e1c8d816baf61d,229,1,1,0.5798647305531678,2.0,7.180173611111111,0,136.0,12.356982060185183,5.0,2279.0,0.0849480700666563,0.4148194078437451,True,0.73,True
0a84a7fb24a4605f0da863407512612651890003,51,2,1,0.5631028237513912,4.0,25.457928240740742,0,43.0,19.25542824074074,4.0,2731.0,0.0440610075489138,0.3429363734401479,True,0.57,True
80a0a40e970202fa23b5a72f993c54c2264878f1,653,5,1,0.7048349802860203,19.0,118.81940972222223,0,7.0,2.0920775462962964,3.0,597.0,0.0153550863723608,0.5470249520153551,True,0.66,True
d143540ad1b69ec93c2b7bfadd1f654c4d8c7a34,60,2,1,0.7000350705224773,14.0,116.31847222222223,0,31.0,3.4532291666666666,5.0,2691.0,0.0009188361408882,0.3309341500765697,True,0.59,True
b3c9cc504903eccbc68c441a81b0a727a83117fa,45,3,1,0.6892447803995486,8.0,79.93354166666667,0,166.0,2.0768248456790124,6.0,2313.0,0.009340070433318,0.3965702036441586,True,0.71,True
a0cbbf8e1afe6e9d6bbe29f977b2726146615447,138,2,1,0.8360388595261989,18.0,16.5521875,0,8.0,12.292563657407408,2.0,586.0,0.0043516100957354,0.4891209747606614,True,0.55,True
965542bfac90194bd032e5e6aeb6a507dcb11088,63,2,1,0.865693994199322,8.0,83.8502662037037,0,19.0,0.1396064814814815,6.0,1133.0,0.0670391061452514,0.8379888268156425,True,0.77,True
9e5a07c8e2f5d7fb3980f538846b53f0d7c62411,7,1,1,0.4021791902022728,5.0,48.99001157407407,0,39.0,0.5478935185185185,3.0,3074.0,0.0086429112964366,0.3993934799090219,True,0.57,True
f63d2f67ed1e7b8246b36bd08517a55a702a48a9,370,10,1,0.7501535003891031,8.0,6.7038773148148145,0,75.0,4.970760732323233,2.0,161.0,0.1446850393700787,0.1279527559055118,True,0.67,True
f1b9ac5a542a3125d757094fccda80c80c6dd420,111,4,1,0.8615375387418135,8.0,35.15091435185185,0,25.0,2.9699421296296293,4.0,1926.0,0.2358318098720292,0.870201096892139,True,0.59,True
b9ff8cd7ad8c402787324d2baca9b32f61eafb4a,123,3,1,0.6583988646015675,5.0,18.62533564814815,0,26.0,4.008969907407407,7.0,1223.0,0.1261802575107296,0.9725321888412016,True,0.53,True
e8ab7ffb7274190105a3289cc1a3ed1d9ab5feb8,50,9,1,0.9403462321607692,7.0,52.04571759259259,0,258.0,2.4511944444444445,4.0,1568.0,0.0031678986272439,0.2419671141952029,True,0.51,True
b0306a93645ea6475a2bc045d8fc8bc4bd6f00a5,67,2,1,0.7930490047779772,5.0,118.70037037037036,0,21.0,1.2115740740740741,9.0,1092.0,0.0089285714285714,0.8964285714285715,True,0.63,True
b6a8aea4d1fe8be6073af57fad2ab6863d8f359c,202,3,1,0.8394695733213187,6.0,91.82163194444445,0,11.0,24.205746527777777,4.0,904.0,0.019538188277087,0.822380106571936,True,0.52,True
bff120a4775a1b1f3846a27c38d8eff4a678fd24,103,4,1,0.7846314235228506,7.0,102.56662037037036,0,25.0,1.257400462962963,8.0,1233.0,0.2402826855123674,0.901060070671378,True,0.7,True
713e538237c7fea0b93ade343b1d9368bdbf2698,56,2,1,0.9533171305598171,11.0,130.96640046296298,0,189.0,1.0897222222222223,6.0,2055.0,0.0280401859349227,0.3630229419703104,True,0.72,True
3fd1beb85c0888251781fe56b067b08c4957b94b,1572,4,1,0.5956835606969525,22.0,42.04613425925926,0,46.0,3.411886574074074,2.0,650.0,0.0295109612141652,0.5505902192242833,True,0.88,True
486e10d3740301b417e2a972ec7c797f562e75be,55,2,1,0.7219280948873623,4.0,6.544756944444444,0,161.0,2.088113425925926,2.0,1462.0,0.0848114473095841,0.2654643016843047,True,0.62,True
2f49ed4b5dbb5c954fc7a9b42ee7b170c38c775c,84,3,1,0.8833952157893945,12.0,110.4867476851852,0,138.0,1.389488425925926,6.0,3174.0,0.0071290657953364,0.4026436952324372,True,0.76,True
65aa92b0348b7ab8413f359b00825610cdf66607,110,4,1,0.5801036709479496,16.0,151.41917824074073,0,21.0,6.589685185185186,6.0,1422.0,0.2445193929173693,0.9173693086003372,True,0.66,True
17e556acf5c33583dcb6ed34bfd5a5fd9c148c9e,29,3,1,0.6967175998398836,8.0,24.36045138888889,0,62.0,4.293657407407408,5.0,1289.0,0.2698675496688741,0.9346026490066224,True,0.59,True
0eb7e35fbfe5de5f9f00ff1a0cce1d6a61f3a902,54,3,1,0.7746890524210458,9.0,15.753842592592592,0,44.0,6.342726851851851,5.0,3675.0,0.1382065699911216,0.5266350991417579,True,0.59,True
d122b2e05a9e13d5caea3f8f6578bb473fbb9c5e,338,7,1,0.8262262331509904,7.0,145.80527777777777,0,135.0,1.464115740740741,4.0,2068.0,0.00177304964539,0.3365839243498817,True,0.62,True
1679acd53d1f0c330edf583afe8b347a7304499c,40,3,1,0.6508676696120123,9.0,60.554155092592595,0,28.0,7.585366512345678,7.0,1087.0,0.1299342105263158,0.8667763157894737,True,0.74,True
5ad1af72c62dd18ecf38f604094be8fd2c7a5ef8,47,3,1,0.7036147953865373,6.0,19.474363425925926,0,163.0,2.70326774691358,4.0,2076.0,0.0854864904768935,0.3606968846892071,True,0.78,True
015555acb75ee4d9298915951d2bfaf0d19d2b02,498,2,1,0.4717210315549514,52.0,54.26644675925926,0,8.0,5.561102430555555,2.0,440.0,0.0377049180327868,0.3401639344262295,True,0.63,True
048faa57037d30c46205dd3dedec45fea62ef2b1,284,3,1,0.822158459998324,12.0,76.72881944444444,0,2.0,7.2768644781144785,3.0,975.0,0.2574257425742574,0.7425742574257426,True,0.62,True
10004672ad1476c55deaad53684a50358da6f656,21,2,1,0.8886466698980793,8.0,90.45467592592593,0,31.0,9.423119212962963,5.0,3390.0,0.0261803206353875,0.4032946021473746,True,0.65,True
46922068ac167f492dd303efb359d0c649d69118,199,2,1,0.9565094981726991,20.0,130.4155902777778,0,31.0,0.009953703703703704,5.0,2245.0,0.0263235294117647,0.2791176470588235,True,0.63,True
11b5487eff312d4d914fbc2f861e18b031421dbe,239,18,1,0.8370420947095191,7.0,21.230787037037036,0,91.0,3.283739447167756,2.0,192.0,0.0162213740458015,0.1536259541984732,True,0.58,True
dd9536ac6e6df0e1ae6754e580b99cfbfd05eb77,122,2,1,0.8171272969993091,12.0,24.78347222222222,0,11.0,22.516472800925925,5.0,1075.0,0.0008116883116883,0.8676948051948052,True,0.53,True
b3e05bdb51e2f238db655e75ff1384bd8a111fe0,219,7,1,0.6631078608706046,21.0,53.1494212962963,0,260.0,2.763847415123456,3.0,2202.0,0.0377053990610328,0.3587147887323944,True,0.82,True
5a8e67be491a2b4897c01aeccd584381f74bc294,82,5,1,0.4466923722745672,12.0,56.79857638888888,0,6.0,4.322399691358025,12.0,1206.0,0.0563607085346215,0.7101449275362319,True,0.68,True
254e37ab3c995f6514084d38f2f797da9cf5e5a9,107,6,1,0.6893445287924189,6.0,8.538831018518518,0,87.0,3.2621863425925928,3.0,1307.0,0.2665056360708535,0.9202898550724636,True,0.72,True
848ef0043f60795db680afe8f67b633459eaf52c,425,2,1,0.817644691987717,26.0,85.06645833333333,0,9.0,8.580173611111112,2.0,916.0,0.0056270096463022,0.7467845659163987,True,0.68,True
10c5c93925abe3d34c4430e0ed852d8358fb2353,125,2,1,0.9499998204517308,7.0,23.134502314814814,0,9.0,7.207141203703704,3.0,967.0,0.0048270313757039,0.7827835880933226,True,0.53,True
3046c4ae22b10f9e4fa83a47bfe089554d4a4681,243,4,1,0.6009234904290169,14.0,53.37278935185185,0,27.0,5.771678240740741,9.0,1188.0,0.3152173913043478,0.9006211180124224,True,0.71,True
25bb8fa99ec23ad5bc97a5c28b0426492bc843c6,114,2,1,0.9479148607640506,27.0,78.53412037037037,0,49.0,0.9337152777777779,4.0,1695.0,0.1043932144410613,0.2875163114397564,True,0.55,True
65ee22f7e7e62f8a1fab5a4318f62733a9a11ebf,87,2,1,0.8826013308449941,27.0,60.7305324074074,0,8.0,9.247262731481483,4.0,2451.0,0.039838337182448,0.277136258660508,True,0.59,True
2e323ba7b154c6bdb76a4c018e99004dabcb8420,551,3,1,0.7424153900981557,28.0,59.855810185185184,0,26.0,0.651820987654321,2.0,472.0,0.000780031201248,0.3884555382215288,True,0.54,True
5f9831768461c34533ff93f32b31e095b57d82d1,212,6,1,0.6724827014698381,6.0,7.9789004629629625,0,58.0,4.1450512566137565,1.0,159.0,0.1163003663003663,0.1263736263736263,True,0.56,True
4dbb55cbb0020702a3ea2ec89ddf61319d00f858,951,8,1,0.7462782455169785,10.0,17.275787037037038,0,21.0,37.44228460930443,5.0,1206.0,0.1702127659574468,0.851063829787234,True,0.68,True
a9661fba21d7e5dd3fb5d29f77266993e3adc460,3,1,1,0.5095157180881823,3.0,17.484444444444446,0,43.0,9.741469907407408,3.0,1173.0,0.141094834232845,0.9121048573631456,True,0.66,True
befa0b9184eb0c6248d06efa5b02be8217f1722e,292,6,1,0.7444099787624681,37.0,230.86979166666666,0,30.0,18.041711676954733,8.0,314.0,0.0374251497005988,0.3353293413173652,True,0.53,True
73d4a7c1b4681accd993c1109a9eff837ff612f4,236,2,1,0.7569888766299075,19.0,88.19231481481482,0,72.0,0.921438492063492,1.0,359.0,0.0025684931506849,0.0525114155251141,True,0.65,True
2702baed390d094b0eac07d0ae167ed236868d00,86,3,1,0.8486405358402231,12.0,36.99460648148148,0,27.0,0.1413888888888889,4.0,1239.0,0.3202328966521106,0.8748180494905385,True,0.62,True
ecdc5728ca849fd19d01c2a69cf07bf0989e8567,168,2,1,0.8362743927971833,16.0,37.26435185185185,0,56.0,0.7076736111111112,5.0,2067.0,0.0011379800853485,0.217923186344239,True,0.66,True
a1b08606f2a73339b31ab49d172ae8793d76a55b,199,7,1,0.7954467687238427,10.0,79.21697916666666,0,36.0,6.60783950617284,2.0,1027.0,0.3198263386396526,0.76410998552822,True,0.68,True
f9b5dba7b0612222b20a1d63f494b85c63c0e47e,235,3,1,0.5705201666114226,20.0,101.63513888888889,0,144.0,2.107013888888889,3.0,2582.0,0.1091424521615875,0.4377037562012757,True,0.77,True
92f281e7a04f27c90cfccc11261880213718ae8b,369,2,1,0.6267651167459101,15.0,17.125011574074076,0,4.0,0.38047453703703704,2.0,1801.0,0.140711350432195,0.2930423692787303,True,0.75,True
e1c33e2ec7f6a59495ee274bdf95e740bedc1e0f,277,2,1,0.6435138307901497,16.0,17.04400462962963,0,4.0,0.027276234567901233,2.0,1805.0,0.1409148845772553,0.2934428551196714,True,0.68,True
13f9c5c372d052d630484afa44f6555fc4117326,1487,5,1,0.6412684946658592,15.0,36.406018518518515,0,20.0,10.409853098290599,3.0,865.0,0.2482168330955777,0.6262482168330956,True,0.65,True
f87e7d964c19cc2be33226df66f0c823af993d49,162,19,1,0.7245916694731258,33.0,64.26673611111111,0,59.0,0.24598283179012348,6.0,1193.0,0.1440677966101695,0.8559322033898306,True,0.68,True
a9a59ccbacafd6eb94f57861cfc28f5a24f474db,155,3,1,0.7366015313009264,12.0,32.516585648148144,0,70.0,0.6697029320987654,3.0,2374.0,0.1431987621325081,0.3900689267126178,True,0.94,True
3553e400046e50a30e2c5a7dba0c6ea48d9c816f,441,4,1,0.5476598717042733,19.0,129.20717592592592,0,8.0,24.46409722222222,3.0,415.0,0.0751043115438108,0.2294853963838664,True,0.68,True
c25c60f6a9ab1ccf12f72f76d400e7c9c0d090b3,436,2,1,0.9453166521675876,29.0,100.58557870370372,0,43.0,0.010694444444444444,4.0,1850.0,0.0025217147660409,0.3349677780891006,True,0.6,True
1d6235cc3fb3c7806c2c4671f1c5b03022136008,867,5,1,0.7676119906573922,11.0,31.45310185185185,0,28.0,21.64375128600823,3.0,688.0,0.0029476787030213,0.5033161385408991,True,0.57,True
609f01a1ddca64ec191cb15a4f6fb93d219c3336,31,2,1,0.6500224216483541,7.0,33.86953703703704,0,12.0,22.12326388888889,5.0,1024.0,0.0096685082872928,0.7914364640883977,True,0.52,True
683323f3593a9123a6e87d6b0f50bb0679f13e56,808,4,1,0.6452884820061042,16.0,38.82884259259259,0,14.0,1.533738425925926,2.0,1034.0,0.0013679890560875,0.761969904240766,True,0.71,True
dbacb52f420364cb85500a9c132207670afef4b5,364,5,1,0.4775796537689324,30.0,37.98601851851852,0,14.0,31.684293981481485,3.0,991.0,0.0258152173913043,0.7676630434782609,True,0.58,True
791256cb671630ff70c941272df89717a7216eeb,321,2,1,0.5847281182574744,17.0,36.60659722222222,0,1.0,88.11789351851853,6.0,1166.0,0.1598915989159891,0.8495934959349594,True,0.64,True
2a4e50caeaa271937a23ab7c052c7e9c47c1933f,253,6,1,0.7299517037540134,34.0,148.09372685185187,0,36.0,3.5403571428571436,2.0,1084.0,0.0080428954423592,0.7962466487935657,True,0.62,True
1724c5cee71d3b32466dd9d6cabd22a3339546b4,731,2,1,0.3342287883078909,4.0,10.693240740740741,0,15.0,1.326724537037037,3.0,1024.0,0.1288209606986899,0.7729257641921398,True,0.59,True
fc27c5e3df4b047f2da31e6217e36936b331093f,18,1,1,0.345117314944953,6.0,59.09215277777778,0,64.0,2.9403703703703705,5.0,1805.0,0.1143212607132983,0.2996958805640033,True,0.8,True
7255e056092f034daaeb4246a812900645d46911,342,2,1,0.6881002200120908,35.0,30.13841435185185,0,2.0,28.5963287037037,6.0,2085.0,0.0266666666666666,0.8226666666666667,True,0.69,True
f7fcb809f097cb84e07e2d0093cc9af92c82d29d,754,11,2,0.6197966073279684,19.0,20.920011574074074,0,4.0,0.028876763668430335,2.0,1753.0,0.247011952191235,0.4435590969455511,True,0.52,True
4711ff3adff2b4c9a54f5fb4448ace6558f82f6b,59,4,1,0.6419738935894925,12.0,89.92067129629629,0,205.0,2.339580439814815,3.0,1792.0,0.0009644530173601,0.2861669881510058,True,0.53,True
9271e300a55f8aa16ff867fff71adadb383849b8,821,3,1,0.8154524462940905,6.0,3.4227430555555554,0,107.0,11.23798611111111,4.0,2026.0,0.1225726483955378,0.3098746729100675,True,0.55,True
55b54ac9e6b9b83f837e1bf6eaed2be2cce5aab9,88,2,1,0.8826473984620493,18.0,29.516608796296296,0,200.0,2.9926533564814815,5.0,3308.0,0.0457354758961681,0.4271391292404889,True,0.65,True
f8ab9d4366c87724cba2e49e71dc72e2427d5a68,94,4,1,0.6338658735200022,9.0,25.151828703703703,0,16.0,2.458553240740741,5.0,917.0,0.0026212319790301,0.4954128440366973,True,0.58,True
bcd9f363ff8a10ff30795c54f471a8c6d76450fe,525,15,1,0.7571969251620532,24.0,31.39940972222222,0,123.0,8.062711133512545,1.0,942.0,0.0207587687902648,0.7151037938439513,True,0.64,True
41e3a94ae18a9219ff4ab10389f3a7799c9b6493,158,2,1,0.7592757847892833,3.0,5.220532407407407,0,17.0,11.49609375,3.0,757.0,0.1436740528949249,0.5353824160114368,True,0.59,True
b7b0c7dbcd3e6754bc09b2fd75d888c41ae4aadb,351,5,1,0.4235169596361225,14.0,65.60709490740742,0,20.0,13.866217592592593,5.0,1105.0,0.0168612191958495,0.8184176394293126,True,0.61,True
901b303f1e836421c16f914d3d60b6c9caabefde,449,4,1,0.7758921406257748,13.0,18.778587962962963,0,16.0,3.148169849537037,2.0,958.0,0.0283140283140283,0.7181467181467182,True,0.91,True
5a7808d676a844c5c1327bd59ec184e26e0546b1,1001,2,1,0.7322402074828458,7.0,4.59380787037037,0,15.0,29.896313657407408,2.0,1226.0,0.0219858156028368,0.9056737588652484,True,0.73,True
2bfc7171c23d0595aa7f8680271778bc58cb28ba,80,3,1,0.8468967749787121,16.0,79.27737268518518,0,179.0,6.733298611111111,5.0,2722.0,0.0032706459525756,0.3105750885799945,True,0.58,True
132f13e5b095bdeaa0db72b151a3bf912ccfca36,98,2,1,0.819264971231439,9.0,25.95148148148148,0,173.0,3.756064814814815,3.0,1339.0,0.0005449591280653,0.2014986376021798,True,0.53,True
4c1b1a893e82f045f5c6c7c9d7b019ddb01cb425,97,1,1,0.706932545954969,2.0,5.382106481481482,0,52.0,6.5067772633744845,6.0,1853.0,0.0247855100095328,0.3045076944028326,True,0.68,True
e6c0f9c1685e4ffbd72ae75808361252652b7fc2,622,11,2,0.7722233238549423,11.0,12.6953125,0,21.0,1.018627683080808,3.0,2286.0,0.2430379746835443,0.8278481012658228,True,0.51,True
c823016d31b36c10cb6faafcce68a1b98f4dc345,553,2,1,0.7894439945442228,8.0,37.93888888888889,0,13.0,40.71088396990741,3.0,1165.0,0.0037878787878787,0.7904040404040404,True,0.51,True
e6a3206523b8e1a4edd8867a8e7e36a58631d90a,854,13,1,0.8689576913782459,23.0,22.194097222222222,0,124.0,2.3203180114638444,3.0,543.0,0.0014044943820224,0.3792134831460674,True,0.51,True
a234ecda87f803b05637f3d74ba53815f20f472f,927,3,1,0.7582343483852331,33.0,75.03291666666667,0,0.0,0.0,5.0,483.0,0.1635220125786163,0.3987421383647799,True,0.58,True
77821190873a415e2fef445474d997103c8d5651,123,7,1,0.8306407454346867,14.0,13.181180555555557,0,20.0,0.8653838734567901,2.0,1792.0,0.24625,0.43625,True,0.52,True
749b5b98859685d72ebfc684f8066ea138f8b76b,325,3,1,0.6527191469204043,5.0,6.873576388888889,0,15.0,3.1362731481481485,3.0,886.0,0.0286783042394014,0.4438902743142144,True,0.57,True
0c33d1443447e76481fdcc19af1b000d60219d10,1275,2,1,0.9119137542952824,19.0,20.29175925925926,0,0.0,0.0,4.0,800.0,0.0223619846261355,0.5590496156533893,True,0.56,True
6bcd9402533e1115efa0e011d2b84feca2b48b19,614,4,1,0.8632772138955666,6.0,6.576122685185186,0,5.0,11.028122685185187,2.0,1066.0,0.0024420024420024,0.7557997557997558,True,0.57,True
e132bc49c458cb37696d4933ffdf9c478a8bef2b,1028,9,1,0.7869280315804174,14.0,18.125243055555554,0,6.0,1.9880787037037038,2.0,717.0,0.3146341463414634,0.3780487804878049,True,0.83,True
b85e907e727240bacaac56374653b3e38bc33396,58,3,1,0.6970132432699346,10.0,12.21193287037037,0,16.0,2.126722222222222,3.0,983.0,0.0325301204819277,0.7156626506024096,True,0.58,True
2390857d7ae625dcd18a72b2980f2d862b776623,174,4,1,0.599919137738977,26.0,22.840613425925927,0,247.0,0.056400462962962965,4.0,2955.0,0.1452725551197078,0.394832950087921,True,0.65,True
237746a6d63c96726e7966770a602b62205ee333,73,2,1,0.7219280948873623,6.0,13.990034722222221,0,4.0,14.43662037037037,3.0,1045.0,0.2520808561236623,0.5802615933412604,True,0.65,True
4d53dc4c74e6bd47d63c5aa0749a5d65066c2baf,87,20,1,0.8586791374758115,17.0,45.35885416666667,0,147.0,2.146281712962963,5.0,800.0,0.0006896551724137,0.5689655172413793,True,0.56,True
827cc5170546e88e5c4ab721f69b8501371e3948,222,5,1,0.6350888563941105,29.0,21.275891203703704,0,33.0,0.524056712962963,3.0,1433.0,0.2461538461538461,0.842603550295858,True,0.72,True
9bc29208bda6071a34bcc0da36a396eb8bab4f30,22,2,1,0.8865408928220899,7.0,74.99950231481482,0,20.0,5.003831018518519,8.0,1214.0,0.0339976553341148,0.8640093786635404,True,0.7,True
1a40831f1711bf46c878dd247679bb05d19ffb5a,99,2,1,0.861487212880816,13.0,36.234155092592594,0,12.0,19.055549768518517,2.0,562.0,0.1660958904109589,0.5128424657534246,True,0.6,True
605749ca12af969ac122008b4fa14904df68caf7,627,9,1,0.6638827326650117,5.0,8.960462962962962,0,181.0,0.37962615740740735,4.0,1467.0,0.0051150895140664,0.2168528738726612,True,0.51,True
85239cc81440d9e5a4aee3c0961c96a4197ad939,166,5,2,0.7816931471770917,6.0,1.3678587962962963,0,2.0,1.5275555555555556,3.0,1315.0,0.1360218728639781,0.9473684210526316,True,0.54,True
f0f52a0085a1f5bbd23e6cfa8f0ea935e8fd56c8,46,2,1,0.8524051786494786,4.0,73.00027777777778,0,23.0,5.182777777777778,5.0,1174.0,0.0068212824010914,0.8478854024556617,True,0.51,True
