commit_id,la,ld,nd,ns,ent,nrev,rtime,hcmt,self,ndev,age,app,asexp,rsexp,asawr,rsawr,pred,defective_prob,defect
e443f6dc7df2e5a0bd2ab890c3b6094500f5b9ab,124,1,2,2,0.5551213479115967,3.0,4.430381944444444,3.0,0,47.0,1.7507291666666667,2.0,104.0,393.0,0.0064290962527553,0.0241244183198628,True,0.7080539292721065,True
89de921c2f6928a691f6aaa2165b5c1739f156cd,48,0,6,1,0.4727418233613565,5.0,1.0118402777777777,4.0,0,0.0,0.0,2.0,5.0,16.0,0.0083565459610027,0.0236768802228412,True,0.6270951744462974,True
f5dbc876378ae58a7bdfe1e9664fc81caca18dfb,256,200,6,1,0.7635523732468474,8.0,64.79675925925926,36.0,0,37.0,26.73242283950617,2.0,53.0,1505.0,0.0038458799230824,0.1072573178548536,True,0.7932057906002633,True
2f988d4b65428d03f3e3fee383787106b3f38c35,54,15,2,2,0.8115976735400424,2.0,6.912731481481482,2.0,0,46.0,1.4572183641975311,3.0,158.0,2031.0,0.0096809547004383,0.1237213833414515,True,0.5378270571625063,True
23ee57c5e97c2108c20929bac08c7f0bbb741a4c,1,2,1,1,0.0,1.0,5.214097222222223,3.0,0,7.0,0.00568287037037037,3.0,174.0,191.0,0.2976190476190476,0.3265306122448979,True,0.541365218304259,True
602bd9873786ccadcb67da3036329f3122555cf8,45,13,2,1,0.7027258084566989,3.0,1.994351851851852,6.0,0,74.0,5.321927083333333,4.0,266.0,1840.0,0.018924091005741,0.1304840881706712,True,0.7007664168924221,True
54d8facf66d668d8cea1184f7f24928e97497ae1,191,116,2,1,0.7802979842015957,1.0,0.002337962962962963,2.0,0,22.0,2.46168771043771,1.0,1797.0,660.0,0.1272199816033397,0.0467699709898818,True,0.5391818296554215,True
c5d39cb125a0fe1080e32a2cade0975d4f99832f,82,37,1,1,0.9958699965528488,2.0,2.086990740740741,4.0,0,5.0,1.1443865740740742,3.0,400.0,598.0,0.0282573462053414,0.0422098513142132,True,0.5291079795037889,True
63f83fbd095415145ad124c7215f07a4c3c6038f,82,3,2,2,0.8883630233845603,4.0,0.9461226851851853,5.0,0,47.0,9.829207175925925,3.0,112.0,630.0,0.0068101006448502,0.0380280841318628,True,0.6941895031507012,True
00a07bcbd7a592072822b0e55ab2e75e90c3f9f5,58,40,1,1,0.5697313679131986,4.0,1.0441550925925926,4.0,0,22.0,2.143549382716049,1.0,697.0,1837.0,0.0490823430138527,0.1292454820336122,True,0.5243628909182103,True
81e981a704116ca7b1b619a2c1e8db837046d2cf,5,9,2,1,1.0,1.0,0.4744560185185185,3.0,0,24.0,0.8585300925925926,3.0,1392.0,721.0,0.0978917779339423,0.0507378777231201,True,0.5531413781947803,True
cd756e5ed55a7859eca354e898ea5a3039fcb2e6,77,0,1,1,0.4812256638417369,6.0,8.165613425925926,5.0,0,0.0,0.0,3.0,170.0,235.0,0.0317607726597325,0.0438335809806835,True,0.6368118457152048,True
ca7ddc345ec4df017b7db6aee5a823f817e6e708,80,114,4,2,0.6216891162291945,2.0,0.11126157407407407,2.0,0,35.0,0.5160069444444445,1.0,1853.0,713.0,0.1299047085201793,0.0500280269058295,True,0.6020342164500891,True
c9e178e4f202ff4d32248682ed5e2cf5de75d0f8,117,148,4,2,0.6303994517026112,2.0,0.37152777777777773,3.0,0,25.0,0.07308256172839506,1.0,1858.0,718.0,0.1301547293985857,0.0503395645172582,True,0.5739599613653208,True
e14b9dbee1260f799d1d2e175d106dbed79b6c49,99,101,5,2,0.7651108247631014,1.0,0.07326388888888889,2.0,0,30.0,0.5891435185185185,1.0,1986.0,746.0,0.1190675934803451,0.0447627037392138,True,0.5572110514971774,True
4051e69852cd648942e03cd36e14c2c34124c19f,59,19,1,1,0.6500224216483541,6.0,3.8045949074074077,5.0,0,2.0,17.929293981481482,3.0,406.0,685.0,0.0284655196530983,0.0479787382850748,True,0.5306698768337053,True
3edcc79bcf9259c77732a8ad15bd8ed6919d4983,4,17,2,1,0.998363672593813,7.0,6.766886574074074,11.0,0,2.0,26.609050925925928,4.0,12.0,80.0,0.0177353342428376,0.1105047748976807,True,0.6162331136569626,True
9d75626b1073113d77988bcb52e99215d5af4787,61,24,4,1,0.793938326034681,4.0,7.069467592592592,15.0,0,35.0,2.3815393518518517,3.0,161.0,1088.0,0.0113255033557046,0.0761325503355704,True,0.7173789069102949,True
05e492cf7ab30286087f579cefd9829da569f48f,10,2,1,1,0.8112781244591328,3.0,0.8655439814814815,3.0,0,4.0,4.923923611111111,2.0,408.0,634.0,0.0284442589888031,0.044161624591418,True,0.5175777781367344,True
28b54d1ac92bac244902d249d24da47594510a96,96,73,1,1,0.4856040586366503,7.0,12.711342592592592,2.0,0,3.0,9.184215277777778,1.0,115.0,768.0,0.0080633949673293,0.0534547476713471,True,0.5607549384187666,True
58365228b3181ed03188fc8ff56007ea22678bb5,1,2,1,1,0.0,2.0,0.07581018518518519,5.0,0,5.0,0.9685995370370369,3.0,224.0,683.0,0.0155957579538365,0.0474111041796631,True,0.5280398776669701,True
2fca6f2829479e05f21fb3fd9d7d71132ad46f7c,10,62,1,1,0.0,4.0,14.037743055555554,2.0,0,2.0,0.002025462962962963,1.0,118.0,809.0,0.0082273230088495,0.0560011061946902,True,0.5215530537244429,True
c786e7a427f0be526a3f5c5fd4b4f30ea53ac1b7,43,36,2,1,0.1689628928420927,2.0,0.6072916666666667,2.0,0,35.0,0.026608796296296297,1.0,1944.0,810.0,0.1344624956792257,0.056066367092983,True,0.6007877197320253,True
a5d8e134b201a27cdeec7faf2529d69343406405,80,53,1,1,0.0,1.0,0.0018981481481481482,2.0,0,28.0,0.03903935185185185,1.0,1953.0,819.0,0.1348330113165884,0.0565829423130002,True,0.5531442517547278,True
3e2cd8ef6f1ce4f46719890134c8bba9dbdb19ba,21,11,2,2,0.9826836564839496,7.0,3.0814930555555553,18.0,0,29.0,34.10664351851852,4.0,181.0,1259.0,0.0107596807567248,0.0744900975465563,True,0.6400361427529689,True
76d8f8a5d3a6229c49b072c5872cd99649210107,302,0,1,1,0.8858359476917979,3.0,2.5574421296296297,1.0,0,0.0,0.0,2.0,44.0,48.0,0.0610583446404341,0.0664857530529172,True,0.5713927577292924,True
e85293bba3719874e49275b3f96160a7a0c84ce4,108,106,1,1,0.0,1.0,0.0017476851851851852,2.0,0,16.0,0.6973263888888889,1.0,1958.0,824.0,0.1350475665241969,0.0568730180614917,True,0.5026537464362649,True
2d065ddb53a31c1b717c88902bcdf4f6b24f320f,124,19,1,1,0.0,10.0,10.795405092592594,8.0,0,28.0,0.10506944444444444,2.0,142.0,317.0,0.0098227778541008,0.021843659843385,True,0.8073051552870558,True
9ce12cc8de940cdd450a28f4bd079acfc3621aa3,275,9,2,2,0.8840870366149876,22.0,80.8477662037037,53.0,0,37.0,68.56488888888889,5.0,1740.0,1163.0,0.102496173319204,0.0685270222536206,True,0.9206534663306845,True
3168c94577cc604fd033ce4e741da5c411f74666,430,5,1,1,0.5437823060556216,16.0,19.375763888888887,14.0,0,20.0,29.04525462962963,3.0,1420.0,1711.0,0.0974355458036204,0.1173889193636862,True,0.7368032855439591,True
23bdca417bde716c79168ab372083fd885607123,1349,42,1,1,0.3283788691691695,29.0,63.061030092592596,15.0,0,0.0,0.0,1.0,124.0,875.0,0.0085540272360227,0.0599466228700472,True,0.9418041330718724,True
249c5f0689bf1208a4f1d589de45c20c3ff16de9,27,1,3,2,0.7430231162862537,4.0,1.0798379629629629,5.0,0,81.0,23.073799189814817,2.0,743.0,2458.0,0.0435699226985242,0.1440032794565472,True,0.6107970934172343,True
438211ec627073817fcaf6d3a07b76f2aa5d90e0,47,21,2,1,0.5134185800438723,8.0,6.214976851851851,4.0,0,55.0,0.8600810185185185,4.0,173.0,1813.0,0.0118852459016393,0.1239071038251366,True,0.7310257190318324,True
531b7d303e96c8fbc54aad0775b99e04599f8642,41,13,1,1,0.9182958340544896,2.0,1.138599537037037,6.0,0,47.0,24.394265046296297,2.0,190.0,1010.0,0.013037542662116,0.0690102389078498,True,0.5771342028643589,True
3a68fd3957bd02f417d83bbc113e1a9db82f7684,46,11,2,1,0.6369447460656162,2.0,0.32457175925925924,2.0,0,9.0,1.804537037037037,2.0,29.0,324.0,0.0020456870098874,0.0221616092737811,True,0.5513488985282724,True
691cb20d95357cdaa7d158a3c26f3ca66cdbe537,82,7,5,2,0.7674373099736588,20.0,10.018553240740742,40.0,0,40.0,64.83033564814815,4.0,1.0,2395.0,0.0001162925921618,0.1393185254099314,True,0.8453254105112123,True
5cd6ab9b6369806ade7b9b4794c0c3b04472f616,40,3,2,1,0.6799964702937515,2.0,0.5999537037037037,2.0,0,10.0,14.256543209876542,2.0,51.0,73.0,0.0035251847332384,0.0050166090434546,True,0.5232764019926818,True
8c5c5b05f96026c20efa890faf506d29148cb9a4,28,12,1,1,0.0,1.0,63.051828703703706,7.0,0,19.0,1.4927430555555556,1.0,5.0,46.0,0.0004057069443505,0.0031780377307458,True,0.5983181153524837,True
42e8371600155bcff620929d5bf4dff998f3324f,51,6,2,2,0.8259819985857659,5.0,0.6292824074074074,3.0,0,12.0,1.7877152777777778,2.0,43.0,84.0,0.0025489514540609,0.0049241107635268,True,0.6491989630214721,True
8dab9e5d118c9a0d6d180a44aaa8f7c3a1108ae2,146,115,1,1,0.6932797574301276,3.0,0.7501157407407407,8.0,0,4.0,0.009408068783068784,1.0,2087.0,953.0,0.1409858203916272,0.0644159351789331,True,0.5432120612284874,True
d8090022f66cc6cff6af5ed2ae702212fd172ff7,232,72,2,1,0.7141742501306937,6.0,29.07630787037037,10.0,0,54.0,5.669372427983539,3.0,1444.0,1604.0,0.0975231153404872,0.1083215225754201,True,0.7181567699282064,True
06eaeb0ac8d861cf3e60b11a8fbbabdeef1d6759,64,446,6,2,0.6371567115193458,9.0,1.6978472222222223,7.0,0,37.0,1.8199169389978216,2.0,1017.0,2486.0,0.0588235294117647,0.1437073847220617,True,0.6412820786515981,True
ce2fe90faad84a6e3a976a6f111a0fa4883937d9,64,80,1,1,0.2733764631177247,2.0,0.8826736111111111,3.0,0,35.0,5.935775462962963,2.0,184.0,1602.0,0.0124111096202871,0.1075405876828122,True,0.5306340323386183,True
51980595e100a1f124e77f35ddfdd5cfd2f0722b,539,539,5,1,0.6394047940812321,2.0,11.294479166666667,4.0,0,35.0,15.99799933862434,3.0,402.0,433.0,0.8915929203539823,0.9601769911504424,True,0.5981976296156399,True
4dbf574b7acb7ae8f852219700afa95f8d568f0e,88,15,1,1,0.1739849984142786,10.0,13.227824074074073,9.0,0,35.0,5.005347222222222,3.0,185.0,2144.0,0.0124381436404975,0.1434398823057376,True,0.6965408753590019,True
2eb28f51ce4150fa03b2ddde8c39b502ae57d18a,453,436,1,1,0.7977501270133041,2.0,1.1023842592592592,1.0,0,26.0,24.594423926767675,2.0,246.0,479.0,0.0164985638901876,0.0320619865072473,True,0.5086095170059042,True
c31ff44d3a17fab37754acb2a0a29cd6eba10699,1,1,1,1,0.0,1.0,7.019398148148149,2.0,0,0.0,0.0,3.0,131.0,165.0,0.6111111111111112,0.7685185185185185,True,0.5058448877505761,True
bff5100177a2e1fb4f685ce72f935484ab027203,79,1,2,2,0.762532483536127,12.0,55.91871527777778,18.0,0,37.0,24.593152777777775,2.0,1836.0,696.0,0.1048755423612697,0.0397921899977163,True,0.7923786572668073,True
61b56a89a1cf8a388ff925492700e5eef019c3aa,269,236,3,2,0.3657174063787325,11.0,38.64844907407407,14.0,0,29.0,0.9999652777777778,3.0,56.0,2288.0,0.0032502708559046,0.1305240348976449,True,0.7199975522244387,True
07860794da5863610f38295c9d517fc457c5de95,434,244,4,3,0.6161782163637494,8.0,2.150648148148148,7.0,0,4.0,15.18434650997151,2.0,1052.0,1138.0,0.0583411823369715,0.063105989251482,True,0.5645967788568336,True
b508dc98a5085df6ea44b154177fbb6d8b0e8434,145,184,1,1,0.0903989563901628,27.0,47.08806712962963,26.0,0,15.0,69.04293981481482,3.0,358.0,2558.0,0.0237701118982983,0.1694365357875918,True,0.7767402033390336,True
b449791c3565940e701c68b3f705014804af0c2b,605,564,7,3,0.4562026400612382,8.0,57.018483796296294,13.0,0,50.0,37.2491087962963,2.0,649.0,832.0,0.0369024639491313,0.0472919268763483,True,0.6911481619074291,True
4f170d0f3979f5fa334743878cdce53b4ee9236c,33,27,1,1,0.0,11.0,38.64844907407407,14.0,0,24.0,0.005520833333333333,3.0,53.0,2088.0,0.0035650623885918,0.1379150986994124,True,0.7217056755370976,True
3abecf2ee9fc724af571f8c7da4302f7bee9eadb,208,2,2,1,0.4932449890020136,15.0,24.446319444444445,5.0,0,3.0,23.800162037037037,2.0,582.0,1007.0,0.0384869289675204,0.066543438077634,True,0.6647956530456621,True
0da1b020e3a1826d81334ee1ccda840b00c7a03f,100,61,1,1,0.7038207722691635,1.0,1.8033912037037039,4.0,0,6.0,0.020694444444444442,3.0,323.0,378.0,0.0213819045733518,0.0250115488682109,True,0.5358652377428792,True
0bbc32a0cb3b71012a9245b84f69cdc8405ce5fc,8,2,3,1,0.9232196723355076,2.0,1.0942592592592593,2.0,0,57.0,4.731238425925926,2.0,435.0,1072.0,0.0287144362486828,0.0706664910432033,True,0.6533213413034544,True
eacbe014db7a502b1045e848dc7ca40a2bb9e635,28,7,2,2,0.5574589841734144,5.0,5.852800925925926,6.0,0,8.0,0.811111111111111,3.0,62.0,124.0,0.0040191387559808,0.0079744816586921,True,0.6533109654056772,True
42f2241d55b0921a071b6137b26488f139ac23cf,510,0,2,1,0.7863176347453475,21.0,30.568854166666668,76.0,0,0.0,0.0,3.0,6.0,800.0,0.0004600118288755,0.0526384964184793,True,0.9840908231343165,True
d8d903826daa8db49e437b76fb80693ab8feb01e,331,602,8,4,0.797450155731493,6.0,26.926342592592594,3.0,0,13.0,5.218802083333333,2.0,81.0,118.0,0.0044933968984601,0.0065209052550824,True,0.6293271932598329,True
40158b4277984890a55d87fca4e44d86d9a936f7,188,84,3,3,0.198585611018237,6.0,4.0332638888888885,1.0,1,11.0,4.285086162551441,1.0,74.0,74.0,0.004107563393395,0.004107563393395,True,0.6338362589619483,True
7a53f30ee48b1073333cd40bed1ab7473e3bf1f6,158,53,9,3,0.8227965217789134,8.0,15.712002314814816,9.0,1,16.0,33.489934413580244,1.0,78.0,78.0,0.0044255223796986,0.0044255223796986,True,0.627545139611292,True
5b456c8da4462f9e11fa4da78a9e6ea86423a1e8,1393,73,3,1,0.5699503169741562,29.0,32.79832175925926,2.0,0,51.0,4.804430727023319,2.0,1001.0,2365.0,0.0654132393262828,0.1544588066327197,True,0.9297843897633861,True
bc87acaa1f72d907c68aa6fdb1586191eee8aead,73,41,1,1,0.8512392098356577,3.0,1.0510532407407407,8.0,0,25.0,6.018569444444445,2.0,257.0,500.0,0.016818774445893,0.0326597131681877,True,0.6497043596736478,True
725bdc3fd2f88c7f49f59a151579fd128cf543dc,247,238,2,2,0.5397882534576838,10.0,19.44215277777778,22.0,0,51.0,45.43281084656084,3.0,0.0,728.0,5.580980020091528e-05,0.0406853443464672,True,0.7876365374720837,True
d9b5cead974d486e015872e73f918f0e68dda96e,9,1,1,1,0.9602297178607612,5.0,3.2836458333333334,2.0,0,20.0,12.009710648148149,2.0,259.0,504.0,0.016750418760469,0.032534467207834,True,0.5968343258738068,True
63fb30eb29c26cd7ba0d9133610acb85cad83775,78,8,2,2,0.7428869968659345,2.0,23.385555555555555,3.0,0,30.0,30.664884259259257,1.0,417.0,72.0,0.023110521368939,0.0040360479902692,True,0.5196641807524179,True
37ca2224eca671200a2710f57f970d2993e62aa5,150,41,3,2,0.3688984989863449,14.0,54.94542824074074,17.0,0,33.0,17.809641203703702,2.0,263.0,2090.0,0.0145719489981785,0.1154164596787547,True,0.7502956037284293,True
fd619946be51784dc709363324897be6af144c52,132,265,1,1,0.7456022767817221,9.0,79.6279050925926,28.0,0,25.0,19.648205054012347,4.0,90.0,154.0,0.005835577786328,0.009939720405284,True,0.8210866425380129,True
406d6d33a6c0c5f99dfa31e2eb681b1fefcd5fe0,90,9,2,2,0.6786607462496601,4.0,22.109456018518518,10.0,0,50.0,29.327604166666664,1.0,353.0,476.0,0.0194923187049171,0.0262650735091679,True,0.668040389801116,True
404598b61366e681100893052fdb394702d3bcbf,1307,1,5,2,0.6591872266591796,36.0,519.179548611111,69.0,0,44.0,1.876224279835391,3.0,770.0,2586.0,0.0424069083108739,0.1422914031131401,True,0.9842786349058393,True
0ed9f7496656fa0ea52d703c7fddff26c2192857,1411,347,10,3,0.6544675288847546,14.0,21.838530092592592,10.0,1,11.0,5.790427777777778,1.0,98.0,98.0,0.0054419525065963,0.0054419525065963,True,0.8384704327405972,True
a25b1fdf7d642d9f252fbfa1789efaa32e03b994,581,4,2,1,0.8443586364095333,14.0,24.23334490740741,4.0,0,4.0,5.196304976851851,2.0,244.0,346.0,0.0156789965442211,0.0222065787789581,True,0.770590053036635,True
c5262bb93a040bd8519c70a8f9adc08549bb49d4,1764,0,1,1,0.8804578260936642,3.0,6.436145833333334,6.0,0,0.0,0.0,3.0,1553.0,1568.0,0.0993542612364938,0.100313279202097,True,0.5219480467440927,True
b34bee26c932b9f7579e99d1dca632cb8c47d85f,45,16,1,1,0.3956877498129645,3.0,2.0574305555555554,6.0,0,27.0,11.253599537037038,2.0,2.0,94.0,0.0001914364112054,0.0060621530215046,True,0.6531171453540014,True
0e8ffe4520d9d32394099c2ea31ca2d3703b121a,14,3,1,1,0.0,7.0,13.31920138888889,11.0,0,1.0,0.044062500000000004,2.0,169.0,2325.0,0.010804626922588,0.1478327189525867,True,0.5258482104553279,True
9c82c105a1886473ca144b802ce9f5bec01e35e8,193,183,2,1,0.5944643873514951,8.0,11.258576388888889,12.0,0,5.0,3.370396412037037,2.0,173.0,1230.0,0.0110217267371888,0.0779755495027554,True,0.6566878441783424,True
6bd56edb87f14074a15fde141d9d6f52d01de366,47,47,1,1,0.8626493276590742,1.0,2.2585416666666664,3.0,0,9.0,0.23782407407407405,3.0,336.0,391.0,0.0213345150671055,0.0248164092175234,True,0.5353142959205573,True
afce2b528ce30e19af618b077e3f184cf290fa81,14,9,1,1,0.0,1.0,1.857372685185185,3.0,0,17.0,4.063622685185185,2.0,98.0,426.0,0.0062634442616727,0.0270150575730735,True,0.5472719947483208,True
aed9a8d49b7470de6809c3bf747b14c7150d7ae6,339,296,1,1,0.7491275545255207,8.0,11.776481481481483,19.0,0,25.0,6.865449074074075,5.0,95.0,895.0,0.006072490353596,0.0566765766335631,True,0.7824327289620973,True
a23158a41291055aa0f546869e4c9f8efb19c2dc,207,177,2,1,0.812842754330474,10.0,6.02775462962963,5.0,0,5.0,0.060787037037037035,2.0,2280.0,2565.0,0.1432339089481946,0.1611302982731554,True,0.5288093008197484,True
19b7afca523f221494bd165680f1aa9ddf3a0e31,548,0,1,1,0.3117806148878028,6.0,12.630972222222221,6.0,0,14.0,1.6369907407407407,2.0,305.0,2466.0,0.019160926737633,0.1544771446462116,True,0.5151080012579717,True
13c246ee119fdb10d91f509b968a221d4fc1d8ba,40,2,2,2,0.4537163391869448,4.0,100.61644675925926,13.0,0,35.0,8.195335648148149,2.0,113.0,2337.0,0.0061057254565904,0.1252209308553371,True,0.5188639299418639,True
8b0624182bd4998d32c23eded5dbe6dccfd26d5b,48,4,2,2,0.92146324007577,1.0,1.7461805555555554,3.0,0,35.0,2.8657407407407405,2.0,792.0,1452.0,0.0423973481608212,0.0776839178785286,True,0.5242171976026747,True
16f92ad85cf665d863ded5eeaaa7fc3f90820b3f,1523,1477,9,2,0.7802711204737985,4.0,6.2029861111111115,2.0,0,54.0,0.09466242283950617,2.0,2514.0,2831.0,0.1342693929848913,0.1511932091185734,True,0.5652867711536518,True
3ec5aae38e77d370d1a23efe4b924ee4762a2238,55,3,2,1,0.7331911813658745,4.0,7.995011574074074,3.0,0,37.0,0.06862929894179894,2.0,1205.0,2643.0,0.0747582444830151,0.1638978427969253,True,0.5037216502951983,True
d959c37eaa66298579ca55440aff5fdb8b3126b2,60,24,6,1,0.9147594463405798,9.0,29.25388888888889,17.0,0,128.0,1.007007137345679,2.0,108.0,120.0,0.0067450495049504,0.0074876237623762,True,0.9622526632760854,True
f89f099c55576992b39a8021aace64ff32747624,293,129,1,1,0.6814637990599882,7.0,7.0234375,10.0,0,29.0,2.9732365319865317,3.0,13.0,810.0,0.0008658008658008,0.0501546072974644,True,0.7439550591277375,True
0eade30f37980c38b14d5cfa475837d15b69a8c5,563,349,3,2,0.651800074328501,12.0,6.660787037037037,13.0,0,6.0,2.2844328703703702,3.0,453.0,869.0,0.0272247541376828,0.0521707843607579,True,0.772244285596428,True
7d72516b52b20b0782d972224a55a43e74b8ae5a,37,11,2,2,0.99498482818597,3.0,15.370266203703705,11.0,0,2.0,0.5503703703703704,3.0,71.0,411.0,0.0038267339888386,0.0218974222694658,True,0.6027175536685263,True
3396ba5612c1047d1b21a90c4996dff848c00114,120,38,2,2,0.9532602083022296,15.0,77.82428240740741,21.0,0,18.0,0.028865740740740744,1.0,177.0,2007.0,0.0094600340136054,0.1067176870748299,True,0.7990327399259363,True
e4a910eb2afb85ea0daa64441215f917389a052d,1,0,1,1,0.0,1.0,97.25766203703704,5.0,0,16.0,3.6896180555555556,2.0,330.0,390.0,0.020428315743998,0.0241313337036351,True,0.5054666068730499,True
8d441936d2e8ab8c39a66831a658c192b80ca597,183,42,2,1,0.499767416565358,9.0,2.9720023148148145,2.0,0,37.0,14.673677983539093,2.0,1239.0,2690.0,0.0761483664947187,0.1652542372881356,True,0.5447529994635044,True
9329f786da8e167130fa36b91ff288bfdb046ce1,1726,0,1,1,0.471561535185849,3.0,2.533472222222222,5.0,0,0.0,0.0,2.0,48.0,521.0,0.0030076110974711,0.0320402651608151,True,0.6176220800031914,True
ac0bacc8afc2f0ed3e1e1a19bdb469f8a4ec557e,164,0,2,1,0.8215854371618745,4.0,10.534895833333334,14.0,0,32.0,1.4668315972222221,2.0,4.0,343.0,0.0003066732090284,0.0210991167811579,True,0.7604652425256285,True
24d45304aa363c9a08f7157d549cb37c07212108,46,264,4,3,0.8879088649210564,2.0,1.799398148148148,8.0,0,8.0,5.22732494212963,1.0,421.0,350.0,0.0251280219125878,0.0209003215434083,True,0.5611124888599756,True
23487c9a9b581ccc944b2c51dc52676362ff6b3b,18,0,3,1,0.7896900821428475,7.0,6.256307870370371,1.0,1,5.0,2.431033950617284,1.0,164.0,164.0,0.6547619047619048,0.6547619047619048,True,0.6366328906007491,True
df5edd28bc4258b89d9d5ffdddf837f339a17aad,256,223,10,3,0.8268148529146814,9.0,3.4858101851851853,11.0,0,72.0,0.042928240740740746,3.0,2609.0,3663.0,0.134439064592562,0.1887297826310909,True,0.6962406464048038,True
a0f8be4021caa9bb5055923f0eea3bee0e345235,1276,12,5,2,0.655866108615991,13.0,3.1979398148148146,21.0,0,55.0,3.3049147727272725,2.0,794.0,3303.0,0.0419259571775129,0.1742432232886826,True,0.832566532144193,True
f9365b0acc87808599ebf2e121abd67eac946743,3,3,1,1,0.0,2.0,1.700289351851852,6.0,0,2.0,5.5836805555555555,2.0,76.0,459.0,0.0047086161560569,0.0281293952180028,True,0.5255638665779077,True
42541b2406f6b35e109ee6bee64283582dfd2adc,204,306,12,3,0.8342676568409196,9.0,21.963564814814816,26.0,0,33.0,14.54524022633745,2.0,10.0,137.0,0.000578947368421,0.0072631578947368,True,0.8514203833029477,True
81dea57593b5b28990bb7f012aae1387c8d2de33,362,6,4,1,0.5272852231446737,6.0,23.29230324074074,9.0,0,52.0,39.26119047619048,2.0,116.0,2464.0,0.0071398059437358,0.1504241166778544,True,0.514507904489191,True
c231e60cd3aa982b10512c5c23bbca04223ed407,82,27,4,2,0.8564714089106943,4.0,0.15755787037037036,3.0,0,12.0,0.586785300925926,2.0,117.0,191.0,0.0061984556390187,0.0100856227346745,True,0.6237712685574409,True
12fd2ccd3fa2dc0133b5a3fb89f9fdf5cf721232,406,317,12,2,0.8673660394196067,4.0,2.8135648148148147,2.0,0,77.0,1.6907571373456791,2.0,2629.0,2948.0,0.137790118929114,0.1545030649132917,True,0.6053327196995467,True
0150202cc710e580695656fee049bf25091c0ded,101,31,3,2,0.8468862444073827,4.0,2.316585648148148,2.0,0,8.0,4.7919733796296295,2.0,818.0,887.0,0.0428436911487759,0.0464532328939108,True,0.5161721516506388,True
1db90754826730dc810b92f9a741243b90ae8da9,23,4,1,1,0.7517534997669404,5.0,1.1945370370370372,4.0,0,2.0,0.10614583333333333,2.0,54.0,187.0,0.0033335353657797,0.0113946299775743,True,0.6235026953863787,True
0f2cf9074d4f0220f5c707eed478f99334814789,1110,1058,9,1,0.7444361533442483,4.0,3.2407986111111113,4.0,0,54.0,0.8758435457516339,2.0,2472.0,2766.0,0.1498243063128559,0.1676360111474615,True,0.5807724700685607,True
999e5162ec3e86c9cb84c3ec95dfd0ba4b21277f,75,101,15,1,0.9280127800014388,4.0,4.303865740740741,10.0,0,96.0,3.1075443672839502,3.0,208.0,4245.0,0.0126215351168548,0.256416450268736,True,0.6380711844952555,True
51c28cad67077500f63dbe8c0060ed19cf340c0d,59,0,1,1,0.9130818321534442,4.0,11.867523148148146,5.0,0,57.0,17.967037037037038,3.0,268.0,318.0,0.0162077483882629,0.0192203410254865,True,0.719577770975259,True
28df116570a1359585a314df17223a7b0e6b04c0,80,9,3,1,0.7691224500026269,5.0,4.025543981481482,2.0,0,2.0,0.2889467592592592,2.0,163.0,193.0,0.0098688169454808,0.0116740883379468,True,0.6040045668652553,True
fc0f784e54d5dce72cc6a7e4b1fad243dadfcd76,1942,3,2,2,0.7283717017233465,7.0,29.06900462962963,26.0,0,59.0,0.4724863215488215,4.0,125.0,1767.0,0.0073550872686941,0.1032047165956453,True,0.8781446432503076,True
eefe516bd08771d037afafc833764ebaa6ff213e,10,4,2,2,0.9141008920185651,3.0,0.08662037037037036,1.0,0,10.0,13.40670524691358,2.0,130.0,207.0,0.0076180507094673,0.0120958362409862,True,0.5214729129595547,True
4533cc994484a2308297e64e99af005fb4dca065,2949,2949,53,1,0.8935610613392652,1.0,0.5767824074074074,3.0,0,271.0,2.834130926943427,2.0,386.0,1103.0,0.0231127568084089,0.0659340659340659,True,0.9848327057072739,True
661e624121004dd73467300e467aacae6d8d2f66,152,94,1,1,0.3310064824243045,4.0,0.18704861111111112,1.0,0,10.0,3.241423611111111,2.0,797.0,1246.0,0.0476133651551312,0.0744033412887828,True,0.5000304998157653,True
2614ed151d6a0b5441597b82568cc7c490ff58ba,741,730,1,1,0.999972997316487,2.0,10.28542824074074,4.0,0,1.0,0.0015914351851851853,1.0,526.0,657.0,0.0314270379867612,0.0392390720973224,True,0.5270458661763533,True
d108aeacac4835758e3e5f605b4845958ac82825,47,47,1,1,0.9252253278054432,5.0,11.199270833333335,5.0,0,4.0,3.126267361111111,1.0,1685.0,206.0,0.1004468275245755,0.0123324396782841,True,0.6076472715226443,True
aeb8416d948b69d55dda45ed4ebe85585325fedc,14,2,1,1,0.8950145145731531,3.0,3.7737731481481482,3.0,0,4.0,4.0015779320987654,2.0,800.0,810.0,0.0476899261728983,0.0482853060252441,True,0.5012333250291681,True
63348f43adc93d1c497cb86631d6b7765cc376b2,29,15,1,1,0.1564910629057015,2.0,5.329768518518518,2.0,1,1.0,6.56954861111111,1.0,45.0,45.0,0.0027338642576964,0.0027338642576964,True,0.518154266378966,True
c39393e7de5b808adbc9c5771ecca161c9660d7c,124,37,7,2,0.7584195724048934,8.0,2.6804398148148145,5.0,0,39.0,6.56870691872428,1.0,1433.0,2727.0,0.0733841666240213,0.1396039097282636,True,0.5745052005348592,True
80cd06fd9d26aa7df02f71e001b449d65bb5b7a3,244,178,1,1,0.8118398054798175,2.0,1.0277662037037036,1.0,0,28.0,11.50852880658436,2.0,41.0,832.0,0.0024896265560165,0.0493775933609958,True,0.5384532422471965,True
28f67263a181e2d99b2c240f9d698bf64100ac92,56,7,1,1,0.6499234211243143,6.0,2.6332291666666667,5.0,0,26.0,0.3834837962962963,1.0,1362.0,2552.0,0.0806938606358415,0.1511455804866497,True,0.5310634189345661,True
bd74c95366a33210b6091f9a1ca60db2766a83a1,10,1,1,1,0.9431887805255736,9.0,7.974236111111111,8.0,0,6.0,2.086921296296296,3.0,262.0,413.0,0.0155612093958937,0.0244955919768061,True,0.7144227963865014,True
8d24f015b2f98afc33092eca91727583b9ebb7f6,61,32,1,1,0.0,7.0,13.563969907407406,9.0,0,11.0,16.449710648148148,2.0,2.0,16.0,0.0044117647058823,0.025,True,0.6770643949852314,True
be7018ef2e9e508e351e319da901051ecc9887bb,218,0,1,1,0.8583096794968266,10.0,35.106319444444445,10.0,0,0.0,0.0,2.0,25.0,32.0,0.0313253012048192,0.0397590361445783,True,0.7553359447367768,True
954b92e1207bfe5ab5a117e8393c191cdf0044d2,474,4,2,1,0.6132185171743846,14.0,80.06679398148148,7.0,0,1.0,12.324632523148148,2.0,181.0,694.0,0.0106876504785953,0.0408127312232074,True,0.7040930474429069,True
906d5c5c40183468f9521277c6244a6c46730de6,749,575,10,2,0.5694279957899626,12.0,12.782685185185185,8.0,0,101.0,2.5541740543735227,2.0,864.0,1178.0,0.0436604078336361,0.0595093882495457,True,0.9183162790574433,True
8480dcbc7180cf1bcafcd03a6ad7087c83582a97,177,140,1,1,0.7916428687645163,5.0,0.9701736111111111,3.0,0,4.0,17.24475,2.0,355.0,738.0,0.0207943925233644,0.0431658878504672,True,0.5045258387599393,True
771e2babf6d201f7f6a11c93a59c152896dad8db,19,9,5,3,0.9546444483376652,8.0,0.16144675925925925,7.0,0,8.0,0.9937268518518518,1.0,380.0,596.0,0.0187610793775851,0.0293972818593657,True,0.6765335895356086,True
a25e6528d3806d3b5fd87c5a1cacd6c748215db1,1,0,1,1,0.0,3.0,0.13032407407407406,1.0,0,19.0,2.7773958333333333,2.0,356.0,721.0,0.0208260413020651,0.0421187726052969,True,0.5600952264818483,True
ad05d1f675ff14beb694f1664d8a2ad4378d5f9e,18,2,1,1,0.0,4.0,6.150405092592592,6.0,0,3.0,0.06975694444444444,2.0,30.0,533.0,0.0018081073199183,0.0311461067366579,True,0.5885625392001905,True
3a0b205b2ceafc8a98951706850a9b13265d6233,90,11,1,1,0.5805970961414401,2.0,1.392523148148148,9.0,0,6.0,2.679293981481482,3.0,819.0,769.0,0.0477966892049428,0.0448822569363488,True,0.5499606426971676,True
ec61d7b9e82e6d653c02df14f34acdba8fc060db,2394,14,5,2,0.8465722997155787,19.0,55.640023148148146,19.0,0,16.0,1.504974537037037,1.0,4.0,196.0,0.0002819760884277,0.0111098578840514,True,0.9347666218869923,True
64bbcfa67812c4fd3df8c243f7ce31a5130aaed7,29,19,1,1,0.0,4.0,18.65082175925926,20.0,0,12.0,0.0042361111111111115,3.0,17.0,124.0,0.0262008733624454,0.1819505094614265,True,0.7487245364370286,True
c584f3d9a8e9dec113d9036729a6fbee77d4976f,1,3,1,1,0.0,1.0,0.5482060185185186,6.0,0,62.0,6.894108796296297,4.0,45.0,299.0,0.066860465116279,0.436046511627907,True,0.7311755573404586,True
d4c0885256f3005a8758153c1b82d467ee87478d,90,5,1,1,0.5759084429149788,8.0,3.6534375000000003,21.0,0,2.0,15.859982638888889,4.0,364.0,788.0,0.0211447109257328,0.0457073340285019,True,0.6999881611777088,True
71338b4b2f01268759f7ac6b3eff5abb17420a7c,39,7,2,1,0.660335730585387,13.0,6.185729166666667,9.0,0,29.0,0.9809837962962963,2.0,1437.0,2952.0,0.08326577880718,0.1709901563404748,True,0.6801557227189602,True
9b9c63c27d6f9945d0b662a4a931750d775e1955,5,3,1,1,0.0,2.0,0.22778935185185187,2.0,0,3.0,7.987546296296297,2.0,32.0,194.0,0.0019102749638205,0.0112879884225759,True,0.5099410166704318,True
c03c51424b25c1a508a6562dc4edb282577bc964,127,21,1,1,0.6636280669427276,11.0,32.30162037037037,3.0,0,2.0,2.421074074074074,2.0,1746.0,396.0,0.1011112397268202,0.0229771964347725,True,0.6830615523183169,True
684a952edbf5ec5bd70c7edae7c8eff8e87cf2de,1,0,1,1,0.0,1.0,1.197800925925926,1.0,0,4.0,2.696585648148148,2.0,33.0,195.0,0.0019645230253654,0.011324897440342,True,0.5055003707297813,True
9087d4ed7bd81b97de90e0aa1844e9944c9d9be6,30,1,1,1,0.559363613011501,3.0,1.4556712962962963,1.0,0,37.0,12.225787037037037,2.0,831.0,1012.0,0.048048048048048,0.0585008085008085,True,0.5627568107219901,True
9f58f8cbf859b2bc7225ee8e0c841200c72e47b4,32,20,11,3,0.9162610583756706,3.0,1.9558912037037037,8.0,0,16.0,14.168679946393764,2.0,207.0,239.0,0.0101300345784834,0.0116885014367116,True,0.582458788371366,True
bbc36ebbc38de276b85947b65d89897bf430add5,60,48,4,2,0.9409800272065352,12.0,2.4577314814814817,8.0,0,46.0,0.09751212522045855,2.0,1525.0,3175.0,0.0760566188197767,0.1582934609250398,True,0.6937746386552759,True
392054d311ecc036397cb022b442fa27134a2d4b,12,25,1,1,0.0,2.0,1.9235069444444444,2.0,0,15.0,4.761851851851852,2.0,319.0,469.0,0.6299212598425197,0.9251968503937008,True,0.5422594025215324,True
51fe3f4b3b1021f79bdea9f5d0d8735cbb68d9a1,17,21,1,1,0.6417713216572657,3.0,0.48899305555555556,6.0,0,7.0,8.76402199074074,3.0,369.0,424.0,0.0213010938399539,0.0244674726540011,True,0.556193893213077,True
2c078cc2912275c6b83be1f9670fb455e25ad7b6,8,5,2,1,0.975031878218105,7.0,2.396388888888889,7.0,0,29.0,1.0173032407407407,2.0,1460.0,2978.0,0.0840476327446355,0.1713743312431686,True,0.5381735383620126,True
5b05a78d0055757adb3b2703ea990e07dbcd145a,44,9,2,2,0.5753888772452089,2.0,1.9790277777777778,2.0,0,27.0,4.353368055555555,2.0,890.0,922.0,0.0443063152660367,0.0458975634012928,True,0.544197182615542,True
59569fd0202c52a16860fba5634e743286a19fd2,147,8,6,1,0.8653990562137048,7.0,1.0127893518518518,8.0,0,80.0,2.7395522660818714,2.0,533.0,550.0,0.0306561800332969,0.0316321258396004,True,0.8669049058544448,True
a79e400150e9d550cc4ddc0c0497778d8b78fe5d,290,341,11,1,0.8517290292664386,13.0,3.4388888888888887,39.0,0,81.0,0.13331228956228955,1.0,228.0,1473.0,0.0131314868971844,0.0845231951373358,True,0.9604800848531487,True
025365f1dc6dc9c3244a125882433e55b57fa672,187,181,5,1,0.840991758192997,6.0,2.2293171296296297,11.0,0,61.0,1.6779223251028805,1.0,2664.0,1477.0,0.1526083719864857,0.0846360877283399,True,0.7689454833391121,True
7a092000169a8e9d537f3d341ef48277397f997d,53,119,2,1,0.7684830763856741,9.0,14.786365740740742,4.0,1,12.0,0.07447916666666667,1.0,2673.0,2673.0,0.1530010871431023,0.1530010871431023,True,0.5010024003691502,True
43f1cc98bf1899ae29e3fb0b3bf5054d5a23d4b2,131,12,3,1,0.7488484437400279,11.0,22.322766203703704,3.0,0,22.0,0.05455632716049383,1.0,1488.0,2677.0,0.0851781934671929,0.1531948973170871,True,0.5865411486845065,True
412eb94de4cae754130ae855236420ebd5c42482,898,888,10,2,0.803096041155628,8.0,5.487511574074074,10.0,0,64.0,2.045664465695203,2.0,2858.0,3224.0,0.1413317514459439,0.1594245884621088,True,0.6873358224202077,True
22c138abfce871a1d23f1cf1b98b448bcd3ec74f,27,27,6,1,0.889800351519432,2.0,0.19341435185185185,2.0,0,76.0,5.043030364923747,3.0,93.0,497.0,0.0053600957974568,0.0283971032673775,True,0.7571109005188609,True
99667804e1c64cace1246d4ce342a218fc1fb1ba,223,223,5,1,0.5585988545452989,4.0,3.952465277777778,4.0,0,10.0,2.367871664839181,3.0,11.0,392.0,0.0006841505131128,0.0224059293044469,True,0.6055875545592081,True
8e0b66f1269c0516fd339a18b5644bf38a1e2412,69,67,2,2,0.7292353333443398,4.0,3.723923611111111,14.0,0,8.0,28.69690972222222,3.0,411.0,477.0,0.0227976980965028,0.0264497565294378,True,0.5514361782866604,True
3afffa47feabc80e1bc20ffd2143a722a1c360a2,405,53,5,2,0.6210666642703561,13.0,25.288668981481482,17.0,0,52.0,6.3195702160493825,1.0,345.0,2702.0,0.0191339932533318,0.1494774097218381,True,0.802937207936401,True
ff31d87cc883dcf17ab459a15eac04e074d9614a,41,13,1,1,0.6829491196822933,3.0,17.775405092592592,11.0,0,11.0,12.810963541666666,4.0,455.0,497.0,0.8820116054158608,0.9632495164410058,True,0.5776010222643769,True
5719eb31810c71ae653915d614ea7cb4ced081d3,41,13,1,1,0.6829491196822933,3.0,17.775405092592592,11.0,0,11.0,7.848191550925926,4.0,758.0,1232.0,0.0430809399477806,0.0699852423657622,True,0.5338290969235554,True
b61e53490a736b1314efb60007492d6439eadc26,25,14,1,1,0.0,2.0,5.089965277777778,4.0,0,3.0,0.8264236111111112,1.0,544.0,188.0,0.0309219858156028,0.0107234042553191,True,0.5525023506887261,True
6ca1df22ef42ffbb86133313b86f9027c5f9de90,2,3,1,1,0.0,1.0,5.470706018518519,2.0,0,3.0,0.1747800925925926,1.0,547.0,189.0,0.0310710438283154,0.0107728071667517,True,0.5152620965920862,True
3a9b01127054901293b177e538eb8cfa3937e9fe,134,19,4,2,0.796675541745468,4.0,24.872430555555557,3.0,0,66.0,10.24636188271605,1.0,32.0,920.0,0.0016173299353068,0.0451382081944716,True,0.7100235367560485,True
ef6544ee27aeab20a64b4df4bd50401cefa405ef,268,6,2,1,0.6186108399459629,15.0,47.25913194444445,36.0,0,51.0,24.523391203703707,1.0,50.0,299.0,0.0028891910265125,0.0169952413324269,True,0.9383133824083009,True
13b456c6c17ac8ca9c755042ece4461c4786b263,11,0,1,1,0.0,4.0,75.96092592592593,28.0,0,14.0,1.1429282407407408,7.0,2206.0,3258.0,0.1243590465994252,0.1836366709866456,True,0.5093076306334895,True
c4ced2a9d4b75b100eae945220b4791d8003598f,78,88,1,1,0.0,1.0,0.12648148148148147,2.0,0,9.0,6.310196759259259,1.0,886.0,207.0,0.0499324476469263,0.0117090745327628,True,0.5133119583897789,True
9e1a01b2050cf844027df670cedeab1423a10db8,122,136,1,1,0.8151898783277999,5.0,5.876319444444444,7.0,0,3.0,14.069565972222222,2.0,212.0,729.0,0.0119871686645281,0.0410827846249085,True,0.5452471046911589,True
f474eede801ed7bec712069e95bbe2f4ab5558ae,210,71,3,1,0.7489873762556569,4.0,6.264305555555556,2.0,0,52.0,1.1820358796296295,1.0,1526.0,2725.0,0.0859023402340234,0.1533528352835283,True,0.546425548388987,True
4e15aa6d7c4f9a03f4ae57b3ba04ade3400cccf1,130,184,1,1,0.3043442196866751,5.0,30.16,5.0,0,9.0,7.126886574074074,2.0,285.0,290.0,0.0160322888054263,0.0163125735747519,True,0.6030500864470649,True
8259e45c1e87c66ac8c39f1ebaccd7d753fb55fb,4,2,1,1,0.0,1.0,0.08377314814814814,2.0,0,17.0,0.8389583333333334,1.0,460.0,333.0,0.8797709923664122,0.6374045801526718,True,0.5577476174576421,True
272fcac4d7e1eda0d57532ee36df0176f0bb1f34,2,1,1,1,0.0,1.0,5.719155092592593,1.0,0,17.0,0.0340625,1.0,461.0,334.0,0.88,0.638095238095238,True,0.5492775938372453,True
ae5977d8e8b98c8dc4e4408c62c3bb794a2c8159,2,2,1,1,0.0,1.0,5.719155092592593,1.0,0,17.0,0.003715277777777778,1.0,462.0,335.0,0.8802281368821293,0.6387832699619772,True,0.5492998422977908,True
e89a9428d5a9b5e5494954dfc3ea4233563c5906,10,8,1,1,0.9910760598382222,3.0,1.4405555555555554,4.0,0,21.0,31.46261574074074,2.0,58.0,289.0,0.0033049518261259,0.0162446784673986,True,0.5123318519602968,True
88728897a69275299d53a094d3a5745cc6a90c6d,5,3,1,1,0.0,4.0,2.2296180555555556,13.0,0,21.0,0.7913194444444445,3.0,1.0,321.0,0.0001117568171658,0.0179928475637013,True,0.7213992669516277,True
fbcd0a22f643f0b0ec1404507d63bdf35cd9a195,271,232,9,2,0.846956416606503,6.0,12.757256944444444,7.0,0,66.0,1.327345606219427,1.0,2787.0,1554.0,0.1514394350896252,0.0844649646931015,True,0.7439689146006765,True
99480d5420c0beea6771be582c039b550a4461f5,20,4,3,1,0.6239428985715832,4.0,1.4141550925925925,10.0,0,45.0,10.362488425925926,1.0,904.0,2752.0,0.0505445406311086,0.153755934096621,True,0.5454330084002801,True
268f4615dcf19aad3603833af83ba28eca886aa5,93,19,2,2,0.9852281360342516,3.0,7.659641203703703,3.0,0,41.0,6.363599537037037,1.0,24.0,452.0,0.0012015764683264,0.0217725656060751,True,0.665111363929737,True
4ef1b438ba70b629655fe8e0eec0554968503f34,9,5,1,1,0.0,1.0,7.178981481481482,2.0,0,10.0,1.0027199074074074,2.0,1.0,220.0,0.0064935064935064,0.7175324675324676,True,0.5391667266363619,True
5fabe1c180994dda64bae2a86a8a38bab6bef86b,18,5,1,1,0.9486586303348536,2.0,4.383530092592593,9.0,0,10.0,1.0540162037037037,2.0,395.0,302.0,0.0218893372395113,0.0167486595544746,True,0.6133986072938371,True
fdd3876111605e84a1f7c31206e20cd99e13f1fb,73,44,1,1,0.8601289093485941,1.0,2.8741435185185185,11.0,0,10.0,0.9455694444444444,2.0,398.0,305.0,0.0220150077245641,0.0168836901346281,True,0.6110511203201162,True
aba30f02348c60ea785c374d12e1f3998dc4cb14,341,70,4,2,0.4373044858688714,9.0,58.60396990740741,8.0,0,20.0,0.00755787037037037,1.0,2447.0,2980.0,0.1168273360694855,0.1422640068721962,True,0.5207581227599826,True
5006158e4d20ac35d64bc7a581c9966401254002,23,13,1,1,0.0,3.0,0.10608796296296297,2.0,0,9.0,0.9971412037037037,1.0,937.0,91.0,0.0515299675877602,0.0050541119595671,True,0.5881666911114608,True
5a2fc4c367d4645ae3350fdcfb6c1bbd0e9c1a97,208,143,1,1,0.7295143500500765,6.0,41.98027777777778,15.0,0,29.0,31.035555555555558,1.0,1.0,1856.0,0.000109841827768,0.101988137082601,True,0.5494861802761579,True
b9362903b339e57362a7a3296904504521d0e26f,1729,1,5,3,0.7027317553304905,8.0,41.98027777777778,29.0,0,67.0,6.183430555555556,1.0,2.0,1918.0,0.0001598891435271,0.1022757554762031,True,0.8862111421441258,True
856ba53f77bc3d7b39c5e35d0249ead595dc0439,86,37,1,1,0.0,2.0,18.196712962962962,2.0,0,4.0,1.0071064814814814,2.0,568.0,123.0,0.0311814993423936,0.0067952652345462,True,0.5378899262746262,True
0c936ca83c40b73f30195a619900f2be98b9e968,16,3,2,2,0.576217395521696,5.0,0.983912037037037,5.0,0,46.0,3.708796296296296,1.0,86.0,2276.0,0.004133409350057,0.1081812998859749,True,0.6005865133657108,True
7d35f5c6b7b8b187388523674b4a95585f369d78,447,527,5,3,0.6590642128871002,6.0,3.0071875,0.0,1,2.0,19.239939814814814,1.0,107.0,107.0,0.0049997685292347,0.0049997685292347,True,0.5299750232680625,True
446f9f2812e9f351caca11750792dadbd4e53662,4,1,1,1,0.0,5.0,35.861990740740744,20.0,0,29.0,22.040787037037035,3.0,8.0,504.0,0.0004890772742093,0.0274426692750787,True,0.7089643545057235,True
459c9a2a8840995436e610459216957bc7ebd914,944,646,9,2,0.6255081312348104,6.0,23.99625,9.0,0,62.0,3.286681547619048,2.0,3029.0,3445.0,0.1428302064674271,0.1624398981804468,True,0.6021680928054296,True
a0df6c38364c87001258fe9f2375a2bd34ce4cfc,471,134,2,1,0.2611285932857176,3.0,7.13625,4.0,0,4.0,10.823032407407409,1.0,1.0,223.0,0.0001086071137659,0.0121639967417865,True,0.5518148746344819,True
82e9bc176c4e990e9a01a6182c64663b3a1d605c,63,39,1,1,0.6298437099875721,7.0,90.89491898148147,8.0,0,10.0,0.8726967592592593,1.0,2.0,800.0,0.0001628929793125,0.0434924254764619,True,0.6241005818854083,True
ba9ba084124403bd8930e29d8afcea9d64b6c0b6,3045,0,4,2,0.9250910247953258,7.0,18.11579861111111,4.0,0,1.0,3.457354271885522,2.0,330.0,456.0,0.0174550440331171,0.0240995623055423,True,0.7130879967483325,True
a9d13d79298ec7f7c7f69fb38f97b0f48ca45323,941,0,2,2,0.512546066072024,35.0,14.894027777777778,74.0,0,0.0,0.0,5.0,2.0,3122.0,0.0001412761949611,0.1470685189545561,True,0.9894752273241363,True
eacd58d4e78e7238ba5fcca90ba960aaf3ebd263,651,19,6,2,0.754572016852771,25.0,18.01744212962963,31.0,0,105.0,6.640320048309179,1.0,222.0,222.0,0.0104798157808167,0.0104798157808167,True,0.9911847750236432,True
90dbacd9dae2b82fad9c68ca95c06a6d6b1ae030,6,3,1,1,0.0,8.0,80.02818287037037,10.0,0,7.0,5.919189814814815,3.0,302.0,459.0,0.0163527443466997,0.0248259485131415,True,0.6556691375169564,True
097b0a531642f79d8b240f89ca1eacca2ee59a5e,130,19,1,1,0.6603215073074393,11.0,7.434594907407408,11.0,0,57.0,1.8175578703703703,1.0,45.0,328.0,0.0024761802228562,0.0177100715939064,True,0.8884419095709405,True
a32bed7047469273cc8513cad7b2923d60f8d590,165,259,6,1,0.6671776014641738,13.0,19.72778935185185,15.0,0,53.0,0.03888888888888889,4.0,16.0,2061.0,0.000914666953621,0.110943721080383,True,0.842761474481554,True
39540124dd0900e0c99dcda8c0ebdf4f3cea8d5e,84,0,2,2,0.7755441964862655,4.0,84.33626157407407,3.0,0,62.0,0.6882060185185185,1.0,1707.0,3052.0,0.079816813869807,0.1426702182344969,True,0.5101373215403016,True
328f2f9c35f3cc5e7049a060a608c3f72876484a,736,563,5,2,0.8878839933892854,4.0,10.152245370370371,4.0,0,36.0,1.847764274691358,1.0,107.0,224.0,0.0057949240757632,0.0120727584911734,True,0.7202457636182763,True
375ebc57ac6401d09818e6aa4ea7d6324dbe93a6,52,60,2,1,0.8541706261958392,5.0,12.258854166666666,5.0,0,13.0,0.0734537037037037,1.0,2885.0,1642.0,0.1544637122671804,0.0879362020980518,True,0.5190922728546228,True
db51ffc0d1fbce85fd542403812fab8783c53e3c,303,489,2,1,0.9118801341644154,10.0,140.05923611111112,8.0,0,72.0,8.473657836076818,1.0,1928.0,392.0,0.1029019524165155,0.0209644724207831,True,0.8329743822359366,True
98b3f19b107b3b30323caabc94ace06f4a51d38a,400,195,1,1,0.8148027880579766,1.0,0.4753472222222222,0.0,1,3.0,0.17984953703703702,1.0,105.0,105.0,0.0056491153272223,0.0056491153272223,True,0.5264363097798325,True
ed7115ffde52c57a308199c3d279ea3c96668117,27,4,1,1,0.9992492479956564,1.0,2.2416319444444444,3.0,0,22.0,6.031944444444445,1.0,577.0,973.0,0.0307774227902023,0.051863684771033,True,0.5099840660740611,True
ae0a2ea25714af603babe5aa0de364d1ebae1170,204,36,4,2,0.6394173974250937,8.0,4.981782407407407,2.0,0,29.0,0.04979166666666667,1.0,1762.0,3098.0,0.0813642237400775,0.1430219678788997,True,0.5065034553879526,True
2ce7959eb9e69cd68013fc6a0f77a9556a84365b,119,126,7,2,0.6537735296777478,3.0,6.171921296296296,5.0,0,56.0,3.4277047720797724,2.0,21.0,2235.0,0.0010139183334869,0.1030509724398562,True,0.5963273939954794,True
8a9bd001c947e6888d37e99fc456339fd2b51b36,722,663,8,2,0.6543245076435434,3.0,0.2095949074074074,1.0,0,31.0,1.950601851851852,2.0,68.0,257.0,0.0036509868246997,0.013651515953225,True,0.6601040356144021,True
bd9e1f3915ec45342f1cd9a70be3ee4dca4b322e,192,152,2,1,0.7497596932527806,5.0,10.00502314814815,8.0,0,36.0,5.391203703703703,1.0,3.0,1949.0,0.0002116066232873,0.103158228852563,True,0.6146062563396386,True
9063edef796ad10eb9ac2229627f36d60168f0e2,44,4,3,1,0.8961391875664412,26.0,113.32703703703703,27.0,0,103.0,26.64026124338625,4.0,13.0,951.0,0.0007383966244725,0.050210970464135,True,0.976944817836,True
f8dbed12266c42785c1e4758eed05833ec035f33,70,7,4,1,0.6832824018252766,8.0,27.866770833333334,10.0,0,74.0,35.52761445473251,1.0,211.0,2935.0,0.0111749512413684,0.1547625322861209,True,0.6134073260520669,True
5aee85ec23f5c28fdccd9bd9d6ac90882bda348e,8,2,1,1,0.0,1.0,2.0249305555555557,8.0,0,17.0,13.456620370370372,2.0,2321.0,409.0,0.1223006425787422,0.0215948593700621,True,0.5311012613098256,True
21f50498f7558e59bca8789e94c0fe5d14a9e27d,32,18,1,1,0.4689955935892812,8.0,82.78166666666667,5.0,0,4.0,12.010891203703705,2.0,309.0,316.0,0.0162857893354347,0.0166535329655897,True,0.5928256762268823,True
1de244ea65f1b40c488fe92b29170c1b1d447233,2028,55,4,2,0.6169059435751053,11.0,14.264675925925927,11.0,0,57.0,11.141949652777777,1.0,136.0,241.0,0.0062654349217963,0.0110674105917863,True,0.8992948752487583,True
eeaba26596d447c531dfac9d6e6bf5cfe4537813,341,110,4,2,0.726576845996293,23.0,19.85335648148148,4.0,0,30.0,0.15094328703703705,1.0,26.0,482.0,0.0012322015334063,0.0220427163198247,True,0.9172920462194213,True
72420889aa54342da4472683e67e2c70b76a170f,330,335,2,1,0.6558464726404094,18.0,22.445115740740743,1.0,0,56.0,1.3723127104377104,1.0,25.0,410.0,0.0013618269432222,0.0215273412947831,True,0.9084447848431799,True
9424383e6d0ea1dd02dcf1070259e21550da692a,282,96,7,1,0.7421963987873282,19.0,22.445138888888888,3.0,0,56.0,0.02377314814814815,1.0,26.0,411.0,0.0014139086719731,0.0215751989945538,True,0.9212776980009476,True
e37a9eb4a47eb3e5cb9f4dedccec6b69e8509625,635,635,11,1,0.3891411040879579,2.0,6.876030092592592,2.0,0,73.0,1.5634061164529915,1.0,2964.0,1721.0,0.1551868522977075,0.0901287553648068,True,0.6575048267250556,True
a78a48c5328ea746dfd161599894a4a5b11041bd,233,246,5,1,0.774762772757856,2.0,6.550706018518518,2.0,0,65.0,0.037800629154795824,1.0,2968.0,1725.0,0.1553474257011302,0.0903097530347425,True,0.629401210977044,True
0fc482c68f0da94bf71f10bd78e1e5a6354b9039,151,0,1,1,0.0,5.0,7.241122685185186,1.0,1,0.0,0.0,1.0,52.0,52.0,0.0080916030534351,0.0080916030534351,True,0.6018417998653517,True
6953f3a501dfee5064a12558a2e2515b69b35189,70,20,3,1,0.744460099365655,6.0,4.001006944444445,2.0,0,20.0,5.558599537037037,1.0,128.0,93.0,0.006735588972431,0.0049081035923141,True,0.6778150707443973,True
97c187da3c1381bc55dd16976bf9fb3c773d0047,3918,299,13,4,0.2945455352958501,30.0,16.992708333333333,61.0,0,111.0,7.765347463348767,3.0,131.0,2866.0,0.0057279236276849,0.1244087654588848,True,0.9968349112169009,True
70081096a152d6973d85a1c1466bbc058fe0b24b,165,242,2,1,0.5229008736971303,21.0,46.70916666666667,34.0,0,15.0,5.133962191358024,1.0,159.0,2985.0,0.0083455038597955,0.1557479657834341,True,0.8769253453899936,True
bc8cf62797b33d62f963c2d09d182e0b1f01f120,1,0,1,1,0.0,1.0,5.868912037037037,4.0,0,71.0,0.9612384259259259,2.0,1984.0,880.0,0.1034123469653555,0.0458973691065381,True,0.7112819168326205,True
db7f7cc5654ddec60297259bc9f86f5f777749cd,278,0,1,1,0.8722612038406673,6.0,14.077395833333334,7.0,0,0.0,0.0,1.0,2.0,94.0,0.0001562825588664,0.0049489476974369,True,0.6712973814464767,True
b70ab35b21665510a7af85c549964ebe6d39b115,29,24,1,1,0.3860189005698934,2.0,8.09300925925926,2.0,0,9.0,5.758472222222223,1.0,990.0,52.0,0.0516011455350169,0.0027596979953137,True,0.5455466515548182,True
b79e73476771c068098270ebc26fb1e015f0e149,62,4,1,1,0.1959092708736049,2.0,6.359791666666666,2.0,0,1.0,0.07439236111111111,1.0,610.0,119.0,0.0317287220231604,0.0062315002336812,True,0.537800986242696,True
4147e9adf0beb4ed68835c56bb2d5371f37c192a,15,15,1,1,0.0,1.0,0.04827546296296296,0.0,1,2.0,0.20909722222222224,1.0,151.0,151.0,0.0078552971576227,0.0078552971576227,True,0.502539122895415,True
a2e92f6dee12320a58a4bcc95c14649b27804427,72,76,6,2,0.8778071386526888,17.0,43.20710648148148,22.0,0,58.0,23.215918209876545,2.0,135.0,2670.0,0.0061159329046184,0.1201151234429104,True,0.838632537758443,True
539196689e806f8c175bb50343a4dc2cab52e838,65,1,1,1,0.8422602806560413,4.0,1.5065972222222221,6.0,0,2.0,3.823729166666667,1.0,124.0,85.0,0.0064452923584613,0.0044343611426214,True,0.6138338588435712,True
0a9ea1ed6f2c201445381be62305a5e8b889f321,94,102,1,1,0.7412537184952849,6.0,10.335069444444445,5.0,1,5.0,3.2798828125,1.0,153.0,153.0,0.0079393720678455,0.0079393720678455,True,0.6475175622263152,True
b19b0808940c8c54b102012be134a370b26e348e,9899,7909,6,1,0.3979175393589269,9.0,41.99216435185185,7.0,0,32.0,51.38071855709876,3.0,67.0,3870.0,0.0034988422948289,0.199176742989452,True,0.5850292878354599,True
47cbfe2aca62fa524da171ef147d959afee993ec,1,0,1,1,0.0,1.0,0.1304861111111111,2.0,0,4.0,0.006585648148148149,1.0,68.0,156.0,0.0035424581579217,0.0080603758086045,True,0.5302351690972955,True
3f9bd69da1ac2f70158849d5f1b4b464d0488e0e,32,5,2,1,0.6997091914471927,2.0,1.481238425925926,2.0,0,5.0,6.1678125,1.0,244.0,202.0,0.7227138643067846,0.5988200589970502,True,0.5239546890452645,True
ccb088a6beaff01419ec9325dbd19040f279b6ea,282,32,1,1,0.7059044652834471,13.0,5.253912037037037,1.0,0,1.0,24.885587384259257,1.0,363.0,165.0,0.0186523187291826,0.0085062772226492,True,0.6666532072458412,True
4de3c5db238f45404feb6c6ce60810a3e11eae84,135,126,6,1,0.8126354947322579,5.0,9.31712962962963,8.0,0,62.0,12.237257996632996,1.0,303.0,1828.0,0.0155498721227621,0.0935549872122762,True,0.684565474846558,True
173d16efb54ccc152f19afb9b1c2a87915fb414b,2103,57,3,1,0.8173338616051932,7.0,2.8077314814814813,9.0,0,19.0,5.83394144144144,2.0,327.0,942.0,0.0167714884696016,0.0482180293501048,True,0.7437451508434533,True
ff23fb6cf723bcc52a5f037ef92500c480ce5a5c,194,0,1,1,0.6949181484731932,16.0,39.83238425925926,33.0,0,3.0,21.48141010802469,1.0,35.0,98.0,0.0018372033682061,0.0050523092625669,True,0.8887301281202791,True
0ed63f0a2bfe875a09f8c3ba18eafd2b4e15e8da,7,2,1,1,0.0,6.0,7.937546296296296,7.0,0,54.0,1.2830787037037037,2.0,2385.0,1298.0,0.1217471170527604,0.0662822737013981,True,0.7315761164476022,True
18de39f7620ba4111f3846d4e8ea67aa5b701940,7,8,1,1,0.0,3.0,0.7784143518518518,4.0,0,6.0,0.6931828703703703,1.0,421.0,215.0,0.0215218278253774,0.011015911872705,True,0.5870646349363879,True
45eadd663ff22df46fadf03c45db7e058e71e476,204,10,2,2,0.8727507335683061,6.0,3.194861111111111,6.0,1,5.0,0.7730092592592593,1.0,193.0,193.0,0.0086291255226403,0.0086291255226403,True,0.6641325313937111,True
cad3ba5fd44c09455c2492548865a8743386ea18,1888,1896,6,3,0.7943659780072984,4.0,4.047210648148148,3.0,1,34.0,2.6798090277777775,1.0,1955.0,1955.0,0.0849032034030731,0.0849032034030731,True,0.5717282303395222,True
26a5727f75c7666e257c930af4cc67081ef1f6d6,7,6,1,1,0.8636243031319604,2.0,2.438252314814815,4.0,0,4.0,6.819811921296296,1.0,92.0,221.0,0.0047188958798457,0.011264461132535,True,0.534889161631307,True
08c4a88a77563e50860c34164414fe014271ccc2,17,9,2,1,0.4878527713892913,6.0,2.1066898148148145,7.0,0,42.0,21.04859953703704,1.0,160.0,223.0,0.008160162189559,0.0113532691332995,True,0.7203268158663534,True
0febd75d5242653be3202ea0e46ed6107e4333bd,10,9,1,1,0.6292492238560345,1.0,2.2060069444444443,2.0,0,16.0,8.996585648148148,1.0,225.0,163.0,0.0114331967420448,0.0082966560428997,True,0.5377509820543757,True
68a9229a97d358639357f76cfb186bb61aa6ce92,56,27,2,1,0.550437157072603,4.0,25.103460648148147,2.0,0,24.0,9.958583333333333,1.0,226.0,633.0,0.0114687010559288,0.0320315262971757,True,0.5763113406804156,True
5f0023a7469e01bada70fbe677b76bb535eaa953,109,169,1,1,0.3556784510789794,4.0,6.845370370370371,1.0,0,8.0,12.097766203703705,1.0,153.0,368.0,0.0077566233504583,0.0185856754306437,True,0.5312736007601557,True
cebdd91f8bbebf43fd2ec3c4dd2f49f46172d47e,23,5,1,1,0.8433800652189613,2.0,1.1343402777777778,3.0,0,36.0,13.970046296296296,3.0,2059.0,364.0,0.103595675132009,0.018355544380186,True,0.5920765416351629,True
ca280bfe3bc551f814d59d25079e098798fbdad7,22,3,2,1,0.7019952287757082,5.0,11.67332175925926,6.0,0,80.0,20.197118055555556,1.0,643.0,95.0,0.0323082325791401,0.0048161340490643,True,0.8105934684549632,True
4b2f35d04ca3c2e037b4d0edd8b2350051cc572c,189,3594,12,3,0.1725787238798211,5.0,4.122349537037037,11.0,0,80.0,4.979442070275404,2.0,188.0,2835.0,0.0080679586783915,0.1210620677879279,True,0.6729148958126523,True
7c737e0edcb93585856c65890ef34e5c5a28ee6b,85,297,1,1,0.6595785232163869,5.0,3.843564814814815,15.0,0,11.0,0.942488425925926,1.0,428.0,222.0,0.0214521452145214,0.0111511151115111,True,0.7261477035493155,True
b02bed1caae6966925b9efb04e1db79c3e9ef687,22,0,1,1,0.7671316904273879,3.0,1.0812152777777777,6.0,0,53.0,4.322256944444445,2.0,235.0,2367.0,0.0117882117882117,0.1182817182817182,True,0.5883738244401898,True
e9ebb4341944390d375b9516eed51a12a95f7952,33,1,1,1,0.8846148739279867,3.0,2.18375,9.0,0,33.0,0.07864583333333333,2.0,186.0,2312.0,0.0093304061470911,0.1154076439477098,True,0.5586041558786462,True
a4ec90175c76ce35688acc06cdf93e9cab886223,8,331,8,5,0.5999457328994852,3.0,31.984108796296297,11.0,0,81.0,0.1852537393162393,2.0,1169.0,441.0,0.0485779530828316,0.0183516711646252,True,0.8142626768625495,True
1e8de50674f5b33a50c45224b7e07b3f974f6ab0,367,295,4,1,0.686664292397733,10.0,6.1396875,4.0,0,55.0,0.7706751543209877,1.0,190.0,258.0,0.0095128996912043,0.0128996912043032,True,0.854737399757425,True
1ddd4f8f0641948aabfd1031a080720e8dc61984,45,12,1,1,0.0,4.0,8.081041666666666,8.0,0,1.0,15.045844907407407,1.0,105.0,9.0,0.1091658084449021,0.0102986611740473,True,0.5791010539211534,True
9fc17c08e5635cf112c6194e6c24af2a9c7caf00,14,17,1,1,0.345117314944953,3.0,0.9537731481481481,3.0,0,3.0,0.019085648148148147,1.0,241.0,200.0,0.0120087336244541,0.0099741961095672,True,0.5737684507457462,True
b8afc009afcca84a3fd3d5617dfe96c729c531aa,92,45,3,1,0.8014858374652057,9.0,8.110185185185186,10.0,0,50.0,4.545834619341564,1.0,2100.0,213.0,0.1038864715189873,0.0105814873417721,True,0.8402183999051795,True
979a0406f0013560efbdcc486b32ba93ce8c946f,202,543,3,2,0.6623961383356385,4.0,10.978900462962963,11.0,0,36.0,20.647685185185185,3.0,1125.0,1043.0,0.048421776898598,0.0448955018491442,True,0.6091641561969701,True
337524714cad51934879d817564c5d58e6dbd0c0,44,3,2,2,0.4396313725402602,7.0,1.2850925925925927,14.0,0,5.0,6.167586805555556,1.0,237.0,751.0,0.0113187806153992,0.0357635421125219,True,0.6752461549263316,True
